Line,population,Ala,Arg,Asx,Glx,Gly,His,Ile,Leu,Lys,Met,Phe,Pro,Ser,Thr,Tyr,Val
88,1,111.5,102.5,156,298,125,37.5,81.5,129.5,89.5,26,68,116,110,85,17.5,100
108,1,83.46,77.08,110.56,199.34,180.2,24.45,68.57,102.06,64.85,19.14,36.15,79.73,72.29,71.23,26.58,73.89
139,1,104.42,80.84,119.58,233.54,290.25,29.19,72.42,103.3,72.42,26.95,56.14,96.56,86.46,87.58,16.28,89.82
159,1,93.12,68.94,129.13,180.58,156.4,29.32,68.94,101.86,80.77,32.41,54.53,94.15,84.37,82.32,27.78,77.68
265,1,113.44,91.15,142.17,279.38,214.98,31.21,93.13,125.33,80.74,24.77,41.61,110.96,91.15,98.08,31.21,95.11
350,1,132.4,78.21,162.04,287.8,285.24,33.23,89.46,138.53,96.1,53.67,64.41,127.8,103.26,112.46,38.85,101.73
351,1,78.74,60.06,107,168.58,122.65,22.21,57.54,85.3,63.6,29.27,46.44,77.22,75.21,76.21,20.69,69.15
403,1,100.74,67.16,121.48,216.79,202.47,29.63,75.56,106.67,80.99,36.05,54.81,103.21,82.96,88.4,29.14,86.91
410,1,105.81,71.05,130.35,221.34,318.47,31.18,77.19,120.64,87.92,38.34,58.79,106.84,89.97,95.59,32.72,89.97
424,1,97.08,77.56,125.83,193.08,161.08,30.92,60.75,111.73,71.05,23.32,54.78,84.61,87.32,75.93,27.66,82.98
428,1,105.02,83.22,124.83,220.43,293.75,30.22,73.31,111.95,74.8,26.25,50.53,94.12,87.68,89.66,14.37,90.15
430,1,105.02,78.27,130.28,247.68,202.11,24.77,89.16,123.34,73.31,28.24,37.65,99.57,80.74,78.27,36.66,91.64
630,1,101.44,65.36,118.17,211.24,107.19,29.28,66.93,106.14,79.48,33.99,56.99,99.35,82.09,85.75,27.19,81.57
763,1,112.54,128.69,151.68,300.43,179.57,32.78,79.27,135.05,86.12,24.46,70.46,98.84,105.2,90.03,37.68,100.8
765,1,128,113.72,183.14,412.06,221.05,39.88,107.32,157.54,99.45,30.03,52.68,121.6,102.4,104.86,39.38,115.69
766,1,118.02,120,144.2,238.02,140.25,33.09,78.52,123.46,86.42,21.23,67.16,81.48,108.15,73.58,22.72,94.32
768,1,101.11,69.44,119.44,208.33,148.89,31.67,67.78,106.67,82.78,32.22,57.22,102.22,80,82.78,27.22,81.11
772,1,140.07,122.75,174.69,360.39,262.3,39.87,102.82,159.48,103.34,30.95,85.51,125.38,107.02,103.87,36.2,115.41
801,1,102.01,44.01,102.01,170.36,214.37,17.61,75.08,102.52,50.74,21.75,38.32,85.44,85.95,89.06,34.69,89.06
870,1,92.63,56.84,103.16,166.84,161.58,24.74,57.37,85.79,57.89,16.32,51.05,76.32,74.21,72.11,24.74,80.53
915,1,118.06,118.58,153.79,317.41,225.24,33.14,85.44,137.22,87.51,24.34,73.53,103.56,107.7,88.54,34.17,102.52
932,1,95.08,56.74,95.08,166.65,187.09,26.07,64.41,94.06,58.27,17.89,53.67,79.23,74.63,78.72,27.6,85.88
991,1,94.18,64.21,96.86,113.44,211.91,25.69,61.54,86.15,46.56,17.66,53.51,66.35,77.59,74.92,24.62,79.73
992,1,105.57,68.73,108.87,118.76,207.84,29.14,69.28,96.77,49.48,18.69,56.63,72.58,83.57,86.87,28.04,89.62
997,1,80,37.4,75.32,121.04,163.64,16.62,52.99,70.13,49.35,14.55,29.61,64.94,67.01,62.86,25.45,62.86
1002,1,111.84,68.49,107.02,121.47,241.34,31.04,72.24,100.07,48.16,19.8,55.65,74.92,83.48,87.76,27.83,92.04
1006,1,93.38,62.25,91.74,105.39,210.24,26.21,57.88,83,46.42,15.84,51.33,64.44,72.08,72.63,24.57,75.9
1061,1,106.49,46.49,114.05,174.05,218.38,18.38,77.84,109.19,53.51,21.08,37.84,92.43,85.95,90.27,34.59,92.43
1062,1,99.81,63.79,127.07,206.82,132.22,24.69,72.54,107.52,70.48,39.1,50.93,89,83.34,94.66,22.12,84.89
