Gene,cru1,cru2,cru3,cru123
AT2G42000,0,0,0,3.17
AT3G22890,0,0,1.222,2.97
AT3G50970,0,1.369,1.773,2.926
AT3G56130,0,0,0,2.852
AT2G46930,0,1.459,0,2.544
AT1G52670,0,0,0,2.503
AT2G26890,0,0,0,2.445
AT4G27140,0.811,0.888,1.254,2.401
AT2G17790,0,0.732,0.822,2.4
AT5G48480,0,0,0,2.273
AT1G09270,0,0,0,2.256
AT2G21620,0,0,0.646,2.256
AT2G24050,0,0,0,2.256
AT3G22330,0,0,0,2.256
AT1G29910,0,0,0,2.222
AT1G29920,0,0,0,2.222
AT1G29930,0,0,0,2.222
AT3G10340,0,0,0,2.222
AT3G53900,1.115,1.222,0.663,2.222
AT3G48730,0,0,0,2.205
AT1G07510,0,0,0,2.188
AT1G80070,0,1.369,2.17,2.17
AT1G77670,0,0,0,2.152
AT2G27600,0,0,0,2.097
AT3G10690,0,0,0,2.097
AT2G34420,0,-1.459,-1.459,2.087
AT2G34430,0,-1.459,-1.459,2.087
AT1G27430,0,0,0,2.078
AT2G32520,0,0,0,2.078
AT5G63140,0,1.222,1.585,2.078
AT1G66250,0,0,0.939,2.07
AT1G31230,0,0,0,2.059
AT3G19770,0,0,0,2.059
AT4G36400,0,0.663,1.415,2.047
AT5G28020,0,0,0,1.98
AT1G63290,0,0,1,1.959
AT5G49930,0,0.585,0,1.939
AT5G56350,0,0,0.874,1.907
AT1G71120,0,0,0,1.896
AT2G29080,0,0,0,1.896
AT3G08947,0,0,0,1.896
AT1G62390,0,0,0,1.874
AT3G05500,0,0,0,1.874
AT3G27740,0,0,0,1.852
AT5G64400,0,0,0,1.852
AT1G04920,0,0,0,1.841
AT1G29980,0,0,0,1.83
AT1G52380,0,0,0,1.83
AT4G27130,0,0,0,1.83
AT5G44090,0,0,0.807,1.83
AT1G10940,0,0,0,1.807
AT1G14650,0,0,0,1.807
AT1G42960,0,0,0,1.807
AT2G26210,0,0,0,1.807
AT5G22770,0,0,0,1.807
AT5G51070,0,0,0,1.807
AT2G18080,0,0,0,1.794
AT3G53560,0,0,0,1.784
AT4G21590,0,0,0,1.784
AT2G17650,0.663,0,0.737,1.761
AT2G45790,0,0,0,1.761
AT5G09650,0,0,0,1.761
AT5G19370,0,0,0,1.737
AT5G42850,0,0,0,1.737
AT1G80090,0,0,0,1.713
AT5G05670,0,0,0,1.713
AT1G56110,0,0,1.059,1.688
AT3G58600,0,0,0,1.688
AT4G18680,0,0,0,1.688
AT1G05260,0,0,0,1.678
AT4G26870,0,0,0,1.678
AT2G42210,0,0,0.939,1.663
AT3G14600,0,0,1.322,1.663
AT1G24300,0,0,0,1.637
AT1G66530,0,0.737,0.737,1.637
AT3G03590,0,0,0.874,1.637
AT3G07320,0,0,0,1.637
AT3G13160,0,0,0,1.637
AT3G46780,0,0,0,1.637
AT3G48270,0,0,0,1.637
AT3G18420,0,0,0,1.624
AT1G69250,0,0,0,1.617
AT3G13772,0,0,0.585,1.617
AT1G02930,0,0,0,1.611
AT2G29300,0,0,0.939,1.611
AT5G16660,0,0,0,1.611
AT5G55160,0,0,0,1.611
AT1G08630,0,0,0,1.585
AT2G13360,0,0.585,0,1.585
AT2G40290,0,0,0,1.585
AT3G25220,0,0,1,1.585
AT5G35160,0,0,0,1.585
AT5G40480,0,0,0,1.585
AT5G47010,0,0,0,1.585
AT3G13930,0,1.152,1.128,1.566
AT1G21380,0,0,0,1.558
AT3G03920,0,0,0,1.558
AT3G56490,0,0,0,1.558
AT5G60540,0,0,0,1.558
AT1G22940,0,0,0,1.553
AT4G33640,0,0,0,1.553
AT5G46210,0,0,0,1.553
AT5G15530,0,0,0,1.551
AT1G47500,0,0,0,1.544
AT4G09610,0,0,0,1.544
AT5G22780,0,0,0,1.544
AT1G28350,0,0,0,1.531
AT1G45150,0,0,0,1.531
AT1G65270,0,0,0,1.531
AT3G08510,0,0,0,1.531
AT3G21110,0,0,0,1.531
AT3G62940,0,0,0,1.531
AT5G05020,0,0,0,1.531
AT5G50240,0,0,0,1.531
AT5G63310,0,0,0,1.531
AT2G29190,0,0,0,1.519
AT5G08260,0,1.663,1.531,1.519
AT1G14000,0,0,0,1.503
AT1G30530,0,0,0,1.503
AT2G04350,0,0,1.322,1.503
AT4G27270,0,0.83,0,1.503
AT5G46180,0,0,0,1.503
AT1G80230,0,0,0,1.485
AT4G02580,0,0.807,1.115,1.485
AT1G17100,0,0.636,0.873,1.482
AT1G09770,0,0,0,1.474
AT1G16700,0,0,0,1.474
AT1G30000,0,0,0,1.474
AT1G36730,0,0,0,1.474
AT3G01520,0,0,0,1.474
AT3G51430,0,0,0,1.474
AT4G19640,0,0,0,1.474
AT5G11720,0,0.585,0,1.474
AT3G03490,0,0,0,1.459
AT1G23900,0,0,0,1.451
AT1G35680,0,0,0,1.451
AT4G08900,0,0,0,1.451
AT1G05520,0,0,0.807,1.445
AT1G07990,0,0,0,1.445
AT2G02130,0,0.874,1,1.445
AT2G21530,0,0,0,1.445
AT3G10650,0,0,0,1.445
AT3G17130,0,0,0,1.445
AT3G45010,0,0.737,0,1.445
AT4G26750,0,0,0,1.445
AT5G55135,0,0,0,1.445
AT1G20220,0,0,0,1.415
AT1G20760,0,0,0,1.415
AT1G21065,0,0,0,1.415
AT1G53500,0,0,0,1.415
AT3G13870,0,0,0,1.415
AT3G14010,0,0,0,1.415
AT3G15360,0,0,0,1.415
AT3G59820,0,0,0,1.415
AT4G04830,0,0,0,1.415
AT4G26000,0,0,0,1.415
AT4G32720,0,0,0,1.415
AT5G10940,0,0,0,1.415
AT5G17050,0,0,0,1.415
AT5G23400,0,0,0,1.415
AT5G27630,0,0,0,1.415
AT5G66400,1.075,1.301,1.699,1.396
AT1G11820,0,0.663,0,1.385
AT1G20330,0,0,0,1.385
AT1G77490,0,0,0,1.385
AT2G24280,0,0.918,0,1.385
AT3G14220,0,0,0,1.385
AT4G39890,0,0,1.059,1.385
AT5G39830,0,0,0,1.385
AT2G17360,0,0.618,0.664,1.38
AT1G64550,0,0,0,1.379
AT3G15010,0,0,0,1.379
AT3G23300,0,0,0,1.379
AT3G46830,0,0,0,1.379
AT3G01910,0,1.093,1.138,1.371
AT5G52920,0,0.848,0.485,1.37
AT3G10370,0,0,0,1.354
AT5G03660,0,0,0,1.354
AT5G67130,0,0,0,1.354
ATCG00500,0,0,0,1.345
AT4G14360,0,0,0,1.341
AT4G20830,0,0,0,1.341
AT2G43710,0.715,1.072,1.037,1.338
AT3G02480,0,0,0,1.325
AT4G20820,0,0,0,1.322
AT4G38710,0,0,0,1.322
AT5G41220,0,0,0,1.322
AT2G43750,0,0.574,1.047,1.313
AT1G50600,0,0,0,1.303
AT2G01820,0,0,0.737,1.303
AT1G08780,0,0,0,1.29
AT1G16300,0,0,0,1.29
AT1G65590,0,0.83,0,1.29
AT1G67650,0,0,0,1.29
AT3G10090,0,0,0,1.29
AT3G10250,0,0,0,1.29
AT3G14100,0,0,0,1.29
AT3G61010,0,0,0,1.29
AT4G12910,0,0,0,1.29
AT5G03850,0,0,0,1.29
AT1G34430,1.041,1.665,1.346,1.282
AT1G73180,0,0,0,1.273
AT1G76850,0,0,0,1.273
AT2G03820,0,0,0,1.273
AT2G43400,0,0,0,1.273
AT2G47130,0,0,0,1.273
AT3G01200,0,0,0,1.273
AT4G32520,0,0,0,1.273
AT5G05590,0,0,0,1.273
AT1G56050,0,0,0,1.263
AT3G01850,0,0,0,1.263
AT5G02100,0,0,0,1.263
AT5G08100,0,0,0,1.263
AT1G71840,0,0,0.503,1.256
AT2G14120,0,0,0,1.256
AT2G25080,0,0,0,1.256
AT2G32090,0,0,0.939,1.256
AT2G36190,0,0,0,1.256
AT2G37790,0,0,0,1.256
AT3G03270,0,0,0,1.256
AT3G03890,0,0,0,1.256
AT3G23980,0,0,0,1.256
AT3G55430,0,0,0,1.256
AT4G20960,0,0,0,1.256
AT2G17265,0,1.188,1.415,1.249
AT4G14030,0,1.043,1.541,1.249
AT1G09780,0,0.655,0.982,1.246
AT5G66780,0,0.456,0.803,1.233
AT2G15010,0,0,0.672,1.223
AT1G28330,0,0,0,1.222
AT1G66070,0,0,0,1.222
AT1G77480,0,0,0.807,1.222
AT3G04710,0,0,0,1.222
AT3G13560,0,0,0,1.222
AT3G52750,0,0,0,1.222
AT4G00090,0,0,0,1.222
AT4G29510,0,0,0,1.222
AT5G11710,0,0,0,1.222
AT5G25100,0,0,0,1.222
AT5G36700,0,0,0,1.222
AT5G36790,0,0,0,1.222
AT5G42150,0,0,0,1.222
AT2G31725,0,0,0,1.188
AT2G41790,0,0,0,1.188
AT3G45640,0,0,0,1.188
AT3G60950,0,0,0,1.188
AT3G61030,0,0,0,1.188
AT4G36690,0,0,0,1.188
AT4G39230,0,0,0,1.188
AT5G07460,0,0,1.273,1.188
AT5G52420,0,0,0,1.188
AT5G54390,0,0,0,1.188
AT3G25860,0.788,1,1.052,1.187
AT3G17820,0.943,0.837,0.731,1.182
AT1G12270,0,0,0,1.181
AT1G62710,0.73,0.909,1.138,1.181
AT1G69460,0,0.939,0,1.181
AT1G77100,0,0,0,1.181
AT2G40600,0,0,0,1.181
AT2G43520,0,0,0,1.176
AT3G14310,0,0,0.503,1.17
AT3G21360,0,0,0,1.17
AT3G57030,0,0,0,1.17
AT5G42090,0,0,0,1.17
AT2G28490,0,0.694,0.946,1.166
AT1G04750,0,0,0,1.152
AT1G13690,0,0,0.503,1.152
AT1G19920,0,0.83,0,1.152
AT1G61250,0,0,0,1.152
AT2G23820,0,0,0,1.152
AT2G27450,0,0,0,1.152
AT2G44050,0,0,0,1.152
AT3G04780,0,0,0,1.152
AT3G59980,0,0,0,1.152
AT4G26780,0,0,0,1.152
AT4G27320,0,0,0,1.152
AT4G36440,0,0,0,1.152
AT1G32060,1.355,1.407,1.562,1.138
AT1G43700,0,0,0.737,1.138
AT3G07680,0,0,0.874,1.138
AT3G43540,0,0,0,1.138
AT3G47810,0,0,1.115,1.138
AT4G10340,0,0,0,1.138
AT5G57330,0,0,0,1.138
AT1G10840,1,1.363,1.778,1.132
AT1G62640,0,0.721,0.697,1.132
AT5G20290,0,0.579,0.767,1.13
AT3G46440,0,0.855,1.015,1.125
AT2G38040,0.652,1.1,1.568,1.118
AT5G35360,0,1.087,1.222,1.117
AT1G62810,0,0,0,1.115
AT1G71820,0,0,0,1.115
AT1G76810,0,0,0,1.115
AT1G77140,0,0,0,1.115
AT2G02500,0,0,0,1.115
AT2G24820,0,0,0,1.115
AT3G03100,0,0,0,1.115
AT3G13330,0,0,1.17,1.115
AT3G59990,0,0,0,1.115
AT4G17720,0,0,0,1.115
AT4G19170,0,0,0,1.115
AT5G14220,0,0,0,1.115
AT5G18480,0,0,0,1.115
AT5G49360,0,0,0,1.115
AT5G53400,0,0,0,1.115
AT5G59440,0,0,0,1.115
AT4G13850,0,0,0.637,1.111
AT5G06460,0,0.721,0.623,1.108
AT1G02700,0,0,0.891,1.106
AT3G54940,0.726,0.748,1.275,1.094
AT1G09150,0,0,0,1.093
AT1G27030,0,0,0,1.093
AT2G01490,0,0,0,1.093
AT3G05180,0,0,0,1.093
AT3G09980,0,0,0,1.093
AT3G12860,0,0,0,1.093
AT4G03205,0,0,0,1.093
AT4G17040,0,0,0.83,1.093
AT4G29830,0,0,0,1.093
AT4G34540,0,0,0,1.093
AT5G47480,0,0,0,1.093
AT2G36880,0,0.801,0.585,1.093
AT3G25520,0,0,1.02,1.089
AT2G31670,0,0,0,1.084
AT3G47340,0,0.852,1.354,1.081
AT5G63030,0,0.852,0.45,1.08
AT1G01050,0,0,0,1.078
AT1G04850,0,0,0,1.078
AT1G14570,0,0,0,1.078
AT1G15060,0,0,0,1.078
AT1G23740,0,0,0,1.078
AT1G29810,0,0,0,1.078
AT1G50510,0,0,0,1.078
AT1G59830,0,0,0,1.078
AT2G37690,0,0,0,1.078
AT2G43770,0,0,0,1.078
AT3G03060,0,0,0,1.078
AT3G10220,0,0,0,1.078
AT3G16050,0,0,0,1.078
AT3G20390,0,0,0,1.078
AT3G23710,0,0,0,1.078
AT5G03540,0,0,0,1.078
AT5G66100,0,0,0,1.078
AT1G21670,0,0,0,1.075
AT2G21130,1.187,1.304,1.597,1.067
AT5G14590,0,1.023,1.421,1.067
AT5G10730,0,0.86,0.848,1.06
AT1G04170,0,0,0,1.059
AT1G07780,0,0,0,1.059
AT1G15820,0,0,0,1.059
AT1G53580,0,0,0,1.059
AT1G75850,0,0,0,1.059
AT3G60180,0,0,0,1.059
AT4G25370,0,0,0,1.059
AT5G49510,0,0,0,1.059
AT3G25230,0,0,0,1.057
AT1G79230,0,0,0,1.054
AT1G48030,0,0,0.693,1.054
AT2G21170,0,0.685,0.721,1.052
AT5G16240,0,0.862,1.222,1.051
AT4G08390,0,1.22,1.527,1.051
AT2G05840,0,0.841,1.503,1.05
AT1G32380,0,0,0,1.047
AT1G61670,0,0,0,1.047
AT2G35690,0,0.737,0,1.047
AT3G25290,0,0,0,1.047
AT3G53580,0,0,0,1.047
AT4G16440,0,0,0,1.047
AT4G19710,0,0,0,1.047
AT4G20020,0,0,0,1.047
AT4G38600,0,0,0,1.047
AT5G23900,0,0,0,1.047
AT5G49650,0,1.156,1.456,1.047
AT1G18100,0,0,0,1.042
AT1G62740,0,1.061,1.031,1.041
AT4G27160,0,0.502,0.641,1.04
AT3G56350,0.616,0.962,1.032,1.04
AT1G12410,0,0,0,1.04
AT1G55020,0,0,0,1.04
AT2G18510,0,0,0,1.04
AT2G47690,0,0,0,1.04
AT3G43520,0,0,0.503,1.04
AT3G54250,0,0,0,1.04
AT3G62790,0,0,0,1.04
AT4G20440,0,0,0,1.04
AT5G16930,0,0,0,1.04
AT5G44500,0,0,0,1.04
AT1G54010,0,0.665,0.652,1.033
AT5G47720,0.683,0.635,1.195,1.03
AT5G49190,0,0,0.702,1.027
AT5G65620,0,1.459,1.481,1.025
AT5G15090,0,0,0.724,1.019
AT5G59290,0,0,0,1.018
AT3G55410,0,1.322,1.826,1.015
AT5G15490,0,0.544,0,1.01
AT3G06720,0,1.215,0.974,1.009
AT3G08590,0.71,0.876,1.05,1.008
AT2G37760,0,0,0,1.008
AT1G16460,0.757,1.025,1.073,1.006
AT1G06020,0,0,0,1
AT1G17470,0,0,0,1
AT1G21900,0,0,0,1
AT1G44170,0,0,0,1
AT1G51710,0,1.204,1.541,1
AT1G54080,0,0,0,1
AT1G75270,0,0,0,1
AT2G26540,0,0,0,1
AT2G29990,0,0,0,1
AT2G45820,0,0,0,1
AT2G47470,0,0.55,0.855,1
AT3G01310,0,0,0,1
AT3G01720,0,0,0,1
AT3G12670,0,0,0,1
AT3G17940,0,1.331,1.556,1
AT3G22845,0,0,0,1
AT3G27020,0,0,0,1
AT3G50590,0,0,0,1
AT3G62110,0,0,0,1
AT4G28220,0,0,0,1
AT4G30530,0,0,0,1
AT4G34700,0,0,0,1
AT4G35850,0,0,0,1
AT4G39220,0,0,0,1
AT5G14260,0,0,0,1
AT5G14540,0,0,0,1
AT5G19680,0,0,0,1
AT5G23740,0,0,0,1
AT5G25070,0,0,0,1
AT5G26210,0,0,0,1
AT5G37830,0,0,0,1
AT5G52520,0,0,0,1
AT5G59170,0,0,0,1
AT5G63420,0,0,0,1
AT2G34480,0,1.049,1.315,0.987
AT5G13560,0,0.837,1,0.984
AT3G51260,0.787,0.72,1.014,0.982
AT3G59970,0,0.723,0.896,0.981
AT5G54770,0,1,0.855,0.981
AT1G30230,0,0.845,0.907,0.98
AT5G66140,0,0,0.822,0.979
AT4G11820,1.066,1.229,1.358,0.973
AT1G47710,0,0.818,1.291,0.97
AT4G15530,0,1.059,1.034,0.97
AT5G39740,0,0,0.904,0.967
AT5G62490,0,0.66,0.807,0.962
AT1G05150,0,0,0,0.959
AT1G61010,0,0,0,0.959
AT1G61150,0,0,0,0.959
AT1G64660,0,0,0,0.959
AT1G73080,0,0,0,0.959
AT2G03510,0,0,0,0.959
AT2G19320,0,0,0,0.959
AT2G33120,0,0,0,0.959
AT3G08780,0,0,0,0.959
AT5G14170,0,0,0,0.959
AT5G43280,0,0,0,0.959
AT5G59810,0,0,0,0.959
AT5G63910,0,0,0,0.959
AT5G66170,0,0,0,0.959
AT4G03520,0,0,0,0.957
AT5G16760,0,1.163,1.356,0.954
AT1G57720,0.836,0.963,1.188,0.954
AT5G42980,0,0.734,0.58,0.952
AT1G02140,0,0,0,0.951
AT1G09020,0,0,0,0.951
AT1G17580,0,0,0,0.951
AT1G21400,0,0,0,0.951
AT1G22170,0,0,0,0.951
AT1G34130,0,0,0,0.951
AT1G65220,0,0,0,0.951
AT2G07340,0,0,0,0.951
AT2G47940,0,0,0,0.951
AT2G47960,0,0,0,0.951
AT3G07660,0,0,0,0.951
AT3G26290,0,0.503,0,0.951
AT3G44590,0,0,0,0.951
AT3G58460,0,0,0.918,0.951
AT4G09650,0,0,0,0.951
AT4G15510,0,0,0,0.951
AT5G06580,0,0,0,0.951
AT5G64050,0,0,0,0.951
AT5G67380,0,0,0,0.951
AT2G23350,0,0.604,0.766,0.95
AT4G11310,0,0,0,0.948
AT3G19170,0,1.153,1.614,0.947
AT3G19920,0,0.909,1.058,0.945
AT1G14610,0,1.563,1.844,0.944
AT1G16210,0,0,0,0.939
AT1G26450,0,0,0,0.939
AT2G18330,0,0,0,0.939
AT3G49680,0,0,0,0.939
AT4G00570,0,0,0,0.939
AT4G12600,0,0,0,0.939
AT3G06050,0,0,0.643,0.938
AT5G65720,0,0,0,0.934
AT1G06950,0.833,1.129,1.129,0.932
AT5G10560,0,1.115,0,0.928
AT1G20020,0,0.585,0,0.928
AT1G15130,0,1.018,1,0.927
AT1G16850,0,0,0,0.926
AT1G01100,0.585,0.503,0.693,0.925
AT3G57890,0,0,0,0.919
AT1G53310,0.943,1.081,1.38,0.918
AT1G06310,0,0,0,0.918
AT1G15710,0,0,0,0.918
AT1G24800,0,0,0,0.918
AT1G24881,0,0,0,0.918
AT1G25055,0,0,0,0.918
AT1G25150,0,0,0,0.918
AT1G25211,0,0,0,0.918
AT2G38000,0,0,0,0.918
AT2G42490,0,0,0,0.918
AT3G10050,0,0,0,0.918
AT3G51160,0,0,0,0.918
AT3G61530,0,0,0,0.918
AT4G01610,0,0,0,0.918
AT4G01897,0,0,0,0.918
AT4G17510,0,0,0,0.918
AT5G26040,0,0,0,0.918
AT5G26680,0,0,0,0.918
AT5G38170,0,0,0,0.918
AT5G54100,0,0,0,0.918
AT1G09640,0,0.923,1.051,0.911
AT5G04430,0,0,0.564,0.908
AT5G15650,0,0.824,0.79,0.908
AT3G15670,0,0.441,0.829,0.907
AT5G07830,0,0,0,0.906
AT1G18500,0,0.541,0.947,0.904
AT2G44120,0,1.452,1.627,0.9
AT1G26550,0,0,0,0.9
AT1G26850,0,0,0,0.9
AT1G36180,0,0,0,0.9
AT1G51390,0,0.503,0,0.9
AT2G05120,0,0,0,0.9
AT2G18700,0,0,0,0.9
AT4G16060,0,0,0,0.9
AT4G20410,0,0,0,0.9
AT4G31580,0,0,0,0.9
AT5G05000,0,0,0,0.9
AT5G05980,0,0,0,0.9
AT5G23050,0,0,0,0.9
AT5G25265,0,0,0,0.9
AT5G40950,0,0,0,0.9
AT5G53470,0,0,0,0.9
AT5G62790,0,0,0,0.9
AT5G64960,0,0,0,0.9
AT3G22960,0,0,0,0.899
AT3G53990,0,0,0,0.899
AT5G48230,0,0.855,1.259,0.898
AT5G67360,0,0.415,0,0.894
AT5G07090,0,0.618,0.664,0.894
AT5G10540,0.836,1.235,1.281,0.894
AT1G59610,0,0.897,0.87,0.893
AT3G54400,0,0,0.941,0.893
AT5G64250,1.229,1.142,1.409,0.888
AT2G36640,0.489,0.508,0.847,0.885
AT3G17240,0,0.655,0.838,0.884
AT3G22640,0.634,0.769,0.892,0.882
AT5G66760,0,0.716,0.882,0.879
AT2G37970,1.356,1.214,1.604,0.876
AT2G22780,0,0.745,0.946,0.875
AT1G14210,0,0,0,0.874
AT1G20880,0,0,0,0.874
AT2G03430,0,0,0,0.874
AT2G27460,0,0,0,0.874
AT3G07300,0,0,0,0.874
AT3G12260,0,0,0,0.874
AT3G52340,0,0,0,0.874
AT3G53180,0,0,0,0.874
AT3G54440,0,0,1.152,0.874
AT4G00238,0,0,0,0.874
AT4G01900,0,1.129,1.443,0.874
AT4G08520,0,0,0,0.874
AT4G15110,0,0,0,0.874
AT4G18660,0,0,0,0.874
AT4G22360,0,0,0,0.874
AT4G39090,0,0,0.503,0.874
AT5G02530,0,0,0,0.874
AT5G04170,0,0,0,0.874
AT5G10870,0,0,0,0.874
AT5G37720,0,0,0,0.874
AT5G46860,0,0,0,0.874
AT5G57020,0,0,0,0.874
AT5G59720,0,0,0,0.874
AT5G13030,0,1,1.536,0.873
AT1G66580,0,0.979,0.935,0.871
AT1G11650,0,0.769,0.495,0.87
AT3G51800,0,0.618,0.717,0.869
AT3G49010,0,1.433,1.341,0.865
AT4G21020,0,0,0.878,0.861
AT4G27150,0.374,0.5,0.64,0.858
AT1G55490,0.981,1.018,1.141,0.857
AT1G60710,0,0,0.897,0.852
AT1G32300,0,0,0,0.848
AT1G49660,0,0,0,0.848
AT1G69960,0,0,0,0.848
AT1G70980,0,0,0,0.848
AT1G76450,0,0,0,0.848
AT2G02740,0,0,0,0.848
AT2G47640,0,0,0,0.848
AT3G04590,0,0,0,0.848
AT3G17880,0,0,0,0.848
AT3G18790,0,0,0,0.848
AT3G62840,0,0,0,0.848
AT4G02530,0,0,0,0.848
AT4G26500,0,0,0,0.848
AT4G26840,0,0,0,0.848
AT4G27020,0,0,0,0.848
AT4G29270,0,0,0,0.848
AT4G34215,0,0,0,0.848
AT5G04360,0,0,0,0.848
AT5G42480,0,0,0,0.848
AT5G45920,0,0,0,0.848
AT3G11050,0.764,1.077,1.483,0.847
AT3G26380,0,0.791,0,0.845
AT3G09840,0,0.866,1.008,0.843
AT3G02200,0,0.655,0,0.842
AT5G50370,0,0.907,1.209,0.841
AT5G18170,0,0.754,1,0.84
AT5G58420,0,0.61,0.669,0.838
AT2G41260,0,0,0,0.838
AT3G02630,0,0.532,0.807,0.837
AT1G06430,0,1.497,1.482,0.837
AT3G18190,0,0.804,0.848,0.837
AT2G05920,0,0,0.519,0.835
AT3G29320,0,1.096,1.025,0.835
AT4G24620,0,0.523,0.579,0.832
AT1G17640,0,0,0,0.83
AT1G26570,0,0,0,0.83
AT1G26940,0,0,0,0.83
AT1G27650,0,0,0,0.83
AT1G50030,0,0,0,0.83
AT1G79330,0,0,0,0.83
AT2G17120,0,0,0,0.83
AT2G18250,0,0,0,0.83
AT2G19740,0,0,0,0.83
AT2G29440,0,0,0,0.83
AT2G44525,0,0,0,0.83
AT4G06599,0,0,0,0.83
AT4G15930,0,0,0,0.83
AT4G26230,0,0,0,0.83
AT4G38800,0,0,0,0.83
AT5G01600,0,0,0,0.83
AT5G11670,0,0,0,0.83
AT5G42570,0,0,0,0.83
AT5G43430,0,0,0,0.83
AT5G54750,0,0,0,0.83
AT5G56710,0,0,0,0.83
AT3G19820,0,1.243,1.415,0.828
AT5G46070,0.946,0.86,1.245,0.828
AT3G23940,0,-1.97,-1.97,0.827
AT3G52850,0.7,0.891,0.755,0.823
AT1G16730,0,0.792,0,0.822
AT5G56680,0,1.17,1.129,0.821
ATCG00480,0.515,0.732,0.627,0.82
AT5G61970,0,0,1.02,0.82
AT3G12490,0,0,0,0.819
AT3G45300,0,0,0,0.819
AT1G07750,0,0,0,0.817
AT4G19210,0.922,1.144,1.527,0.816
AT1G19570,0.531,0.716,0.85,0.815
AT3G53110,0,0,0,0.814
AT1G54100,0,0.745,0.993,0.813
AT1G10670,0,0,1.196,0.812
AT3G53430,0,0,0,0.812
AT1G05350,0,0,1.051,0.812
AT3G14290,1.165,1.241,1.541,0.811
AT2G32060,0,0.634,0,0.81
AT5G02240,0,0.835,0.762,0.809
AT1G11720,0,0,0,0.807
AT1G32050,0,0,0,0.807
AT1G60780,0,0,0,0.807
AT1G62340,0,0,0,0.807
AT1G68790,0,0,0,0.807
AT2G27730,0,0,0,0.807
AT2G36070,0,0,0,0.807
AT3G14660,0,0,0,0.807
AT3G15060,0,0,0,0.807
AT3G20790,0,0,0,0.807
AT3G26560,0,0,0,0.807
AT3G50210,0,0,0,0.807
AT4G01320,0,0,0,0.807
AT4G13050,0,0,0,0.807
AT4G25650,0,0,0,0.807
AT5G09590,0,0.754,0.826,0.807
AT3G15280,0,0.566,1.068,0.805
AT3G46740,0.538,0.948,0.856,0.803
AT5G57870,0,0,1.085,0.802
AT4G13930,0,0.793,0.869,0.802
AT3G06810,0,0.7,1.066,0.799
AT1G56450,0,0.521,0.798,0.798
AT2G17200,0,0,0.907,0.798
AT4G19410,0,0.573,0.822,0.797
AT2G33040,0,1.084,0.816,0.797
AT3G62120,0,0.933,1.14,0.797
AT4G21150,0,1.08,1.174,0.796
AT3G02230,0.438,0.783,0.765,0.796
AT5G45280,0,0,0.945,0.795
AT1G50200,0,0.931,1.113,0.794
AT1G21080,0,0,0,0.794
AT1G04190,0,0,0,0.794
AT1G08570,0,0,0,0.794
AT1G13930,0,0,0,0.794
AT1G31860,0,0,0,0.794
AT2G28520,0,0,0,0.794
AT2G36130,0,0,0,0.794
AT3G04170,0,0,0,0.794
AT3G07160,0,0,0,0.794
AT3G08640,0,0,0,0.794
AT3G09500,0,0,0,0.794
AT3G10620,0,0,0,0.794
AT3G14210,1.031,0,0,0.794
AT3G56430,0,0,0,0.794
AT5G09760,0,0,0,0.794
AT5G13110,0,0,0,0.794
AT5G14130,0,0,0,0.794
AT5G53120,0,0,0,0.794
AT5G62630,0,0,0,0.794
AT5G65550,0,0,0,0.794
AT5G67590,0,0,0,0.794
AT4G04460,0,0.688,0.639,0.793
AT1G14320,0,0.595,0,0.793
AT3G22200,0,0.642,1.37,0.792
AT1G22780,0.817,0.965,0.93,0.791
AT1G34030,0.817,0.965,0.93,0.791
AT4G09800,0.817,0.965,0.93,0.791
AT1G21750,0,0,0.461,0.789
AT5G16990,0,0,0,0.789
AT1G11860,0.949,1.427,1.5,0.788
AT1G56330,0.807,0.655,1.053,0.787
AT4G34670,0,0.632,0.678,0.786
AT5G47810,0,1.023,1.368,0.786
AT4G36700,0.694,0.931,0.979,0.786
AT1G02080,0,0,0,0.784
AT1G27130,0,0,0,0.784
AT1G74470,0,0,0,0.784
AT1G76300,0,0,0,0.784
AT2G33740,0,0,0,0.784
AT3G21400,0,0,0,0.784
AT3G54130,0,0,0,0.784
AT3G59480,0,0,0,0.784
AT4G26430,0,0,0,0.784
AT4G31790,0,0,0,0.784
AT4G38740,0.823,0.784,0.968,0.783
AT1G53280,0,0,0,0.782
AT4G12650,0,1.17,1.141,0.781
AT3G06580,0,0.865,1.237,0.781
AT1G44575,0.526,0.546,0.333,0.78
AT3G13470,1.018,0.963,1.222,0.777
AT2G36460,0,0.742,0.774,0.777
AT5G17770,0,0,0.415,0.776
AT1G07645,0,0,0.868,0.776
AT4G24280,0,0.585,0.548,0.774
AT5G26780,0.907,1.059,1.143,0.774
AT4G16760,1.16,1.355,1.681,0.773
AT3G51810,0.799,0.872,1.325,0.772
AT5G49910,0,0.474,0.417,0.771
AT5G17310,0,0,0.759,0.77
AT1G64520,0.771,1.042,0.979,0.77
AT2G39990,0,0,0,0.769
AT3G05190,0.706,0.908,1.148,0.769
AT5G43330,0.457,0.703,0.811,0.769
AT1G49760,0,1.18,0.906,0.768
AT3G24200,0,0.821,1,0.768
AT1G26630,0,0.556,0.89,0.767
AT4G03200,0,1.014,1.261,0.764
AT5G52300,0.718,0.832,1.095,0.762
AT2G01140,1.064,1.257,1.399,0.761
AT1G79440,0,0.531,0.645,0.761
AT5G12110,0,0,0,0.759
AT3G07720,0,0,0,0.758
AT3G11910,0,1.273,1.503,0.757
AT1G60730,0,0,0.801,0.756
AT1G51980,0,0,0.616,0.755
AT4G12130,0,0.672,0.783,0.754
AT5G27470,1.147,1.459,1.716,0.754
AT3G05530,1.798,1.564,1.968,0.753
AT3G04840,0.572,0.773,0.807,0.753
AT5G11200,0,0,0.872,0.752
AT4G29120,0,0.737,0.841,0.752
AT5G62530,0,0,1,0.751
AT4G28470,0,0,0.49,0.748
AT3G21380,0,0.702,0.888,0.748
AT5G03340,0,0.85,1.036,0.747
AT5G65750,0.816,0.823,1.101,0.744
AT4G37910,0,0.781,0.658,0.743
AT4G18100,0.476,0.383,0.673,0.743
AT5G07440,0,0.708,1.451,0.74
AT1G65930,0.639,0.831,1.231,0.739
AT5G38480,0,0.857,0.876,0.738
AT3G23990,0,0,0,0.738
AT1G02410,0,0,0,0.737
AT1G05720,0,0,0,0.737
AT1G08450,0,0,0,0.737
AT1G10510,0,0,0,0.737
AT1G14410,0,0,0,0.737
AT1G15140,0,0,0,0.737
AT1G15470,0,0,0,0.737
AT1G21000,0,0,0,0.737
AT1G22800,0,0,0,0.737
AT1G23860,0,0,0,0.737
AT1G24735,0,1.023,1.09,0.737
AT1G31160,0,0,0,0.737
AT1G31190,0,0,0,0.737
AT1G58080,0,0,0,0.737
AT1G73990,0,0,0,0.737
AT1G78860,0,0,0,0.737
AT2G02040,0,0,0,0.737
AT2G06530,0,0,0,0.737
AT2G17230,0,0,0,0.737
AT2G19830,0,0,0,0.737
AT2G20610,0,0,0,0.737
AT2G20770,0,0,0,0.737
AT2G21470,0,0,0,0.737
AT2G21600,0,0,0,0.737
AT2G23080,0,0,0,0.737
AT2G30260,0,0,0,0.737
AT2G33845,0,0,0,0.737
AT2G38465,0,0,0,0.737
AT2G44920,0,0,0,0.737
AT3G04830,0,0,0,0.737
AT3G10300,0,0,0,0.737
AT3G10670,0,0,0,0.737
AT3G13060,0,0,0,0.737
AT3G18030,0,0,0,0.737
AT3G22270,0,0,0,0.737
AT3G44600,0,0,0,0.737
AT3G45770,0,0,0,0.737
AT3G49470,0,0,0,0.737
AT3G51840,0,0.976,1.093,0.737
AT3G54360,0,0,0,0.737
AT3G54670,0,0,0,0.737
AT3G54960,0,0,0,0.737
AT3G55260,0,1.109,1.34,0.737
AT3G60820,0.787,0.787,1.233,0.737
AT4G01310,0,0,0,0.737
AT4G03430,0,0,0,0.737
AT4G11980,0,0,0,0.737
AT4G15093,0,0,0,0.737
AT4G23430,0,0,0,0.737
AT4G37830,0,0,0,0.737
AT4G39280,0,0,0,0.737
AT5G02740,0,0,0,0.737
AT5G10240,0,0,0,0.737
AT5G14420,0,0,0,0.737
AT5G15270,0,0,0,0.737
AT5G35170,0,0,0,0.737
AT5G42290,0,0,0,0.737
AT5G42820,0,0,0,0.737
AT5G44730,0,0,0,0.737
AT5G47650,0,0,0,0.737
AT5G56590,0,0,0,0.737
AT5G58060,0,0,0,0.737
AT5G63810,0,0,0,0.737
ATCG00130,0,0,0,0.737
AT5G11560,0,0,0,0.737
AT1G43170,0,0.592,0.917,0.736
AT3G21720,0,0,0,0.736
AT2G18570,0,0.791,1.254,0.734
AT1G12840,0,0,0.709,0.734
AT5G62200,0.75,0.585,0.447,0.732
AT5G09640,0,0.905,0.86,0.731
AT5G19510,0,0,0,0.731
AT5G49460,0,0,0,0.728
AT1G66430,1.073,0.949,1,0.726
AT2G14170,0,0,0,0.726
AT5G51820,0,0,0,0.726
AT1G77510,0,0,0.623,0.725
AT1G29370,0,0.918,0.688,0.725
AT2G21580,0,0,0,0.725
AT5G57550,0,0.707,0.723,0.724
AT4G36195,0,0,0,0.723
AT2G37190,0,-1.773,-1.773,0.722
AT5G16970,0.952,1.086,1.274,0.721
AT2G33210,0,0,0,0.721
AT4G25100,0,0.555,0.966,0.721
AT2G20260,0,0,0,0.721
AT4G14880,0,0,0.756,0.72
AT1G65980,0,0,0.303,0.72
AT3G22110,0,0.904,1.144,0.717
AT1G52690,0,0.596,0.905,0.716
AT3G10410,0.913,1.16,1.372,0.716
AT5G47200,0,1.053,1.307,0.715
AT3G02520,0.66,0.916,0.769,0.714
AT5G03300,0,0.547,0.762,0.714
AT3G63520,0,0.794,1.36,0.714
AT2G01250,0.727,0.91,1.012,0.714
AT3G53040,0,0,0.772,0.714
AT1G15930,0,0,0.761,0.713
AT1G62020,0,0.678,1.01,0.712
AT4G26970,0,0.732,0.899,0.712
AT3G15020,0,0,0,0.711
AT4G04910,1,1.433,1.35,0.71
AT1G50380,0,0.788,0.846,0.71
AT5G16840,0,0,0.717,0.709
AT5G67500,0,0,0,0.709
AT5G01300,0,0,0.421,0.708
AT1G78900,0.834,0.916,0.928,0.707
AT5G50750,0,1.128,1.671,0.707
AT3G16480,0,0,0.715,0.707
AT4G02930,0,0.57,0.741,0.706
AT3G02530,0,0.65,0.618,0.705
AT1G67090,0,0,0,0.705
AT2G21490,0,0.977,1.329,0.704
AT1G29350,0,0,0,0.704
AT3G23570,0,0,0,0.703
AT4G02450,0,0.72,0.64,0.703
AT5G44720,0,1.17,1.298,0.703
AT3G15260,0,0.598,0.641,0.702
AT1G18210,0,0,0,0.702
AT2G45290,0,0.6,0.874,0.702
AT3G62030,0,0.693,0.674,0.701
AT3G09820,0,0.491,0.679,0.701
AT5G60460,0,0.801,0.778,0.701
AT1G06000,0,0.874,1.051,0.698
AT5G11170,0,0,0.872,0.698
AT3G58450,0,0.494,0.854,0.698
AT3G63460,0,1.051,1.138,0.697
AT2G42790,0.861,0.884,0.696,0.695
AT1G69800,0,0,0.68,0.695
AT5G25780,0,0.757,1.051,0.694
AT5G19550,0,0.292,0.355,0.693
AT1G79750,0.73,0,0,0.692
AT3G03250,0,0.591,0.854,0.692
AT5G16510,0,0,0,0.691
AT2G47120,0,0.841,0,0.69
AT2G32920,0,0.948,1.322,0.689
AT1G16350,0,0,0,0.688
AT1G13900,0,0,0,0.688
AT1G22280,0,0,0,0.688
AT1G42470,0,0,0,0.688
AT1G65020,0,0,0,0.688
AT4G33700,0,0,0,0.688
AT5G03070,0,0,0,0.688
AT5G58800,0,0,0,0.688
AT5G20890,0,0,0,0.688
AT2G35635,0,0,0,0.687
AT3G17810,0,0.799,0.841,0.687
AT3G23490,0,0,0,0.686
AT1G64110,0,0,0,0.686
AT5G10860,0,0,0.665,0.685
AT5G20960,0,0.737,1.358,0.684
AT5G02500,0,0.468,0.577,0.683
AT2G19520,0,1.441,1.051,0.682
AT4G11420,0,1.059,1.17,0.682
AT3G52930,0,0.622,0.723,0.681
AT3G47930,0,0,0,0.681
AT2G44060,0,0.948,0.948,0.681
AT4G17530,0,0.971,1.258,0.68
AT2G30110,0,0.895,1.124,0.68
AT1G79550,0,0.608,0.652,0.679
AT5G61410,0,0,0.757,0.678
AT1G09630,0,0,0,0.678
AT1G10700,0,0,0,0.678
AT1G26460,0,0,0,0.678
AT1G30070,0,0,0,0.678
AT1G48440,0,0,0.737,0.678
AT1G75220,0,0,0,0.678
AT2G18040,0,0,0,0.678
AT3G06035,0,0,0,0.678
AT3G15690,0,0,0,0.678
AT3G63130,0,0,0,0.678
AT4G10610,0,0,0,0.678
AT4G19150,0,0,0,0.678
AT4G30800,0,0,0,0.678
AT5G05520,0,0,0,0.678
AT5G08180,0,0,0,0.678
AT5G22580,0,0,0,0.678
AT5G27840,0,0,0,0.678
AT5G49990,0,0,0,0.678
AT4G29840,0,0.829,0,0.678
AT2G07698,0,0,0.51,0.676
AT2G33150,0,0.364,0.539,0.676
AT1G78380,0,0,0.749,0.676
AT4G31990,0,0.624,0.988,0.676
AT1G31340,0,-3.833,-3.833,0.675
AT3G53230,0,0.785,0.94,0.674
AT5G42970,0,0.644,0,0.673
AT3G52880,0,-0.83,-0.83,0.673
AT2G21410,0,0.71,0,0.672
AT5G50920,0.597,0.767,0.735,0.671
AT1G23490,0,0.316,0,0.67
AT1G70490,0,0.316,0,0.67
AT3G12203,0,1.039,1.274,0.669
AT5G63860,0,0,0,0.668
AT1G43670,0,0.958,1.061,0.666
AT1G01820,0,0,0,0.663
AT1G15310,0,0,0,0.663
AT1G29410,0,0,0,0.663
AT1G32440,0,0,0,0.663
AT1G48840,0,0,0,0.663
AT1G65540,0,0,0,0.663
AT1G71040,0,0,0,0.663
AT1G78830,0,0,0,0.663
AT2G07560,0,0,0,0.663
AT2G15400,0,0,0,0.663
AT2G36850,0,0,0,0.663
AT2G46110,0,0,0,0.663
AT3G05350,0,0,0,0.663
AT3G16910,0,0,0.874,0.663
AT3G27930,0,0,0,0.663
AT3G58180,0,0,0,0.663
AT4G03560,0,0,0,0.663
AT4G11860,0,0,0,0.663
AT4G24750,0,0,0,0.663
AT4G31180,0,0,1.04,0.663
AT4G33360,0,0,0,0.663
AT5G01530,0,0,0,0.663
AT5G07330,0,0,0,0.663
AT5G17570,0,0,0,0.663
AT5G46630,0,0,0,0.663
AT5G53330,0,0,0,0.663
AT2G36170,0,0,0,0.662
AT3G52590,0,0,0,0.662
AT5G36210,0,0.787,0.868,0.661
AT5G58290,0.632,0.737,0.708,0.661
AT4G16143,1,0.91,1.463,0.66
AT5G63620,0,0,0,0.658
AT3G56070,0,0,0.637,0.658
AT4G24830,0,0.753,0.903,0.658
AT1G20200,0.759,0,1.132,0.655
AT1G54340,0,0.628,0.933,0.654
AT5G27770,0,0,0,0.654
AT2G30970,0,1.538,1.386,0.653
AT1G72680,0,0.869,1,0.651
AT4G35090,0.502,0.796,0.994,0.651
AT1G62290,0,0.408,0.542,0.651
AT1G74960,0,1.051,1.115,0.65
AT5G02490,0,0,0.624,0.65
AT4G25130,0,0,0.816,0.649
AT2G24940,0,0,1.08,0.648
AT3G09440,0,0,0.57,0.648
AT4G11600,0,0,0.866,0.647
AT2G33590,0,0.807,0.943,0.647
AT4G20980,0,0.982,0,0.647
AT3G09630,0.499,0.64,0.897,0.646
AT4G25140,0,0,1.167,0.646
AT5G66190,0.703,0.715,0.813,0.645
AT1G22300,0,0.893,1.037,0.645
AT1G53240,0,0,0,0.644
AT5G13850,0,0.807,0.954,0.643
AT2G24270,0,0,0,0.643
AT1G09430,0,0.51,0,0.642
AT1G07770,0,0,0.55,0.642
AT5G59850,0,0,0.55,0.642
AT5G11520,0,0.645,0.833,0.641
AT2G20450,0,0,0,0.64
AT1G09590,0,1.024,1.115,0.64
AT1G09690,0,1.024,1.115,0.64
AT1G57660,0,1.024,1.115,0.64
AT1G57860,0,1.024,1.115,0.64
AT3G21370,0,0.734,0.922,0.639
AT4G33680,0.747,0.441,1.123,0.639
AT3G52300,0.621,0.429,0.726,0.639
AT3G20630,0,1.238,1,0.638
AT5G03860,0,0.753,0.955,0.638
AT5G66420,0,0.577,0.935,0.638
AT1G73880,0,0,0,0.637
AT2G06005,0,0,0,0.637
AT3G27570,0,0,0,0.637
AT3G59920,0,0,0,0.637
AT5G16460,0,0,0,0.637
AT5G17560,0,0,0,0.637
AT5G54870,0,0,0,0.637
AT1G79920,0,0.456,0,0.637
AT2G44100,0,0.485,0.526,0.637
AT3G04790,0,0,0,0.635
AT2G17980,0,1,1.057,0.635
AT3G12390,0,0.979,1.27,0.634
AT1G63940,0,0.77,0.699,0.633
AT2G23120,0,1.801,2.133,0.632
AT3G15730,0.888,1.062,1.293,0.629
AT5G61510,0.987,0.935,1.222,0.625
AT3G16950,0,0.66,0.853,0.625
AT4G34450,0,0.623,0.705,0.625
AT5G37510,0.52,0.945,0.973,0.625
AT4G39260,0,0.436,0.707,0.624
AT4G13360,0,0,0.637,0.623
AT1G24180,0,1.492,1.392,0.621
AT5G58330,0,1.07,1.485,0.62
AT1G09500,1.309,1.543,1.12,0.619
AT2G24200,0,0.509,0.562,0.619
AT1G48130,0,0.397,0.644,0.618
AT5G27540,0.773,1.196,1.298,0.617
AT5G42740,0,0.715,0.68,0.617
AT1G01560,0,0,0,0.617
AT1G09830,0,0,0,0.617
AT1G63660,0,0,0,0.617
AT1G64330,0,0,0,0.617
AT1G64980,0,0,0,0.617
AT1G75300,0,0,0,0.617
AT2G35820,0,0,0,0.617
AT3G09090,0,0,0,0.617
AT3G29090,0,0,0,0.617
AT3G52150,0,0,0,0.617
AT4G03120,0,0,0,0.617
AT4G32605,0,0,0,0.617
AT5G06160,0,0,0,0.617
AT5G64860,0,0,0,0.617
AT1G78300,0.775,1,0.982,0.616
AT3G44310,0,0.529,0.639,0.615
AT3G52580,0,0.727,0,0.614
AT3G01570,0,0.301,0.65,0.614
AT3G28715,0,0,0.585,0.613
AT4G24220,0,0.851,0.964,0.613
AT3G62290,0,0.367,0,0.613
AT3G02090,0.757,0.969,1.277,0.612
AT5G16050,0,0.636,0.61,0.611
AT2G36530,0,0.586,0.617,0.611
AT1G54870,0.491,0.636,0.916,0.611
AT1G16770,0,0.792,0.946,0.61
AT2G20140,0,-2,-2,0.61
AT1G10630,0,0.379,0,0.609
AT2G47170,0,0.379,0,0.609
AT5G27700,0,0,0.642,0.609
AT1G20630,0.481,0.942,0.986,0.609
AT3G48000,0,0.852,1.01,0.608
AT2G04030,0,1.497,1.52,0.607
AT2G18370,0,0,0,0.606
AT3G12580,0,0,0.702,0.605
AT4G09670,0,0.688,0.83,0.605
AT2G44350,0,0.851,1.021,0.604
AT2G20360,1.066,1.229,1.229,0.604
AT4G16155,0.827,0.821,0.916,0.602
AT5G16070,0,0,0,0.602
AT3G15090,0,0,0.732,0.601
AT5G13450,0,0,0,0.601
AT3G03780,0,0.739,0.912,0.6
AT3G44300,0,0.612,0.827,0.6
AT5G17920,0,0.631,0.705,0.6
AT4G26740,0,0.572,0.668,0.599
AT2G42600,0,0.975,1.182,0.599
AT5G46430,0.874,1.093,1.181,0.599
AT1G60680,0.504,0,0.754,0.598
AT1G23820,0,1.152,1.256,0.598
AT1G74920,0,1.384,1.15,0.598
AT4G39080,0,0.479,0.737,0.596
AT1G45000,0,0.963,0.687,0.596
AT5G13980,0,0.607,0.663,0.596
AT3G48870,0.701,0.813,0.82,0.594
AT1G48830,0,0.452,0,0.593
AT5G58070,0,0.773,0.936,0.592
AT2G19940,0,1.059,0,0.592
AT2G27720,0,0,0.543,0.592
AT4G37870,0.807,0.737,0.837,0.59
AT1G30580,0,0.436,0.75,0.589
AT4G05530,0,0,0,0.589
AT4G36360,0,-3.222,-3.222,0.588
AT1G07960,0,0,0,0.585
AT1G28110,0,0,0,0.585
AT2G14880,0,0,0,0.585
AT2G20690,0,0,0,0.585
AT2G42810,0,0,0,0.585
AT3G03900,0,0,0,0.585
AT3G06610,0,0,0,0.585
AT3G15520,0,0,0,0.585
AT3G18410,0,0,0,0.585
AT3G21140,0,0,0,0.585
AT3G25920,0,0,0,0.585
AT3G26400,0,0,0,0.585
AT3G43270,0,0,0,0.585
AT4G01480,0,0,0,0.585
AT4G10790,0,0,0,0.585
AT4G24490,0,0,0,0.585
AT4G31860,0,0,0,0.585
AT4G35460,0,0,0,0.585
AT4G39660,0,0.617,0.643,0.585
AT5G14910,0,0,0,0.585
AT5G16450,0,0,0,0.585
AT5G18420,0,0,0,0.585
AT5G44360,0,0,0,0.585
AT5G48020,0,0,0,0.585
AT5G56650,0,0,0,0.585
AT5G63800,1,1.339,1.102,0.585
ATCG00020,0,0,0,0.585
ATCG00720,0,0,0,0.585
AT1G23310,0,1.135,1.248,0.582
AT5G14780,0,-3.977,-3.977,0.582
AT2G30950,0,0.928,1.068,0.579
AT4G39730,0,0.743,0,0.579
AT1G07040,0,0.753,0.603,0.578
AT4G24820,0,0.914,1.387,0.578
AT2G20580,0,0.802,1.257,0.577
AT2G14720,0,1.317,1.354,0.576
AT4G31480,0.727,0.697,0.883,0.575
AT1G53850,0.911,0.893,1.051,0.573
AT4G36760,0,0.666,0.626,0.573
AT1G48470,0,0.915,0.864,0.572
AT3G22490,0,0.735,0,0.57
AT3G27660,0,0.275,0.436,0.569
AT4G30920,0,0,0,0.567
AT1G79930,0,-3.209,-3.209,0.566
AT3G20820,0,0.7,0.663,0.566
AT4G16210,0,0.781,0.943,0.565
AT1G04480,0,0,1.035,0.564
AT2G33370,0,0,1.035,0.564
AT3G04400,0,0,1.035,0.564
AT4G21860,0,0,0.774,0.564
AT5G44320,0,0.538,0,0.564
AT3G48990,0.822,1.12,1.204,0.563
AT5G19220,0,1.263,0.971,0.562
AT2G21820,0.415,0.38,0.695,0.561
AT2G21660,0,0.72,1.021,0.561
AT4G25580,0,0,0,0.56
AT1G58380,0,0,0.395,0.559
AT1G58684,0,-3.369,-3.369,0.559
AT1G58983,0,-3.369,-3.369,0.559
AT1G59359,0,-3.369,-3.369,0.559
ATCG00490,0,0.799,0.895,0.559
AT4G34200,0,0.789,0.756,0.558
AT2G41840,0,0.469,0.424,0.558
AT2G40510,0,0,0,0.558
AT3G02360,0,0,0,0.557
AT2G37620,0.588,0.57,0.954,0.557
AT3G53750,0.588,0.57,0.954,0.557
AT5G61170,0.763,1.331,0.933,0.556
AT3G25530,0,0.865,1.363,0.555
AT1G17290,0,0,0.78,0.554
AT5G59880,0,0.573,0.928,0.554
AT1G04130,0,0,0,0.553
AT1G12360,0,0,0,0.553
AT1G17190,0,0,0,0.553
AT1G71230,0,0,0,0.553
AT2G15570,0,0,0,0.553
AT3G27830,0,0,0,0.553
AT3G27850,0,0,0,0.553
AT3G43190,0,0,0,0.553
AT3G51730,0,0,0,0.553
AT3G61860,0,0,0,0.553
AT4G15160,0,0,0,0.553
AT5G04280,0,0,0,0.553
AT5G24260,0,0,0,0.553
AT5G61820,0,0,0,0.553
AT2G35840,0,0.973,1.052,0.553
AT3G11710,0.807,0.728,1.209,0.553
AT1G56190,0.758,0.852,0.845,0.552
AT5G45830,0.466,0.608,0.798,0.552
AT1G07985,0,0,1.012,0.552
AT3G11940,0,0.445,0.544,0.552
AT3G28710,0,0,0.64,0.552
AT5G41670,0,0.605,0.915,0.551
AT3G17770,0,0,1.077,0.551
AT4G38350,0,0.754,0.815,0.55
AT1G19900,0,0.866,0,0.55
AT5G23540,0,0,0.872,0.549
AT5G07190,0,0,0,0.548
AT5G66680,0,0,1.021,0.547
AT5G02870,0,0.759,1,0.546
AT4G29040,0,0.985,0.874,0.546
AT1G07930,0,0.862,0.725,0.545
AT5G51570,0,0,0,0.544
AT2G27040,0.562,0.905,0.83,0.544
AT5G26830,0,1.426,1.443,0.536
AT1G64190,0,0,0.756,0.536
AT4G23630,0,0.907,1.663,0.536
AT1G79210,0,0.491,0.424,0.536
AT1G74030,0,1.238,0.989,0.535
AT1G11910,0,0.567,0.73,0.535
AT1G27760,0,0,0,0.531
AT1G32990,0,0,0,0.531
AT3G06690,0,0,0,0.531
AT4G04800,0,0,0,0.531
AT4G28510,0,0,0,0.53
AT1G18080,0,0.506,0.762,0.529
AT1G63770,0,0.55,0.66,0.527
AT4G16160,0,0.491,0.293,0.527
AT4G29410,0,0.491,0.545,0.527
AT4G15940,0,0,0,0.526
AT5G28540,0,0,0.572,0.526
AT1G47540,0,0,0,0.524
AT3G12780,0,0.639,0.715,0.522
AT4G38510,0,0,0,0.522
AT4G13010,0,0.588,0.595,0.522
AT1G20260,0,0,0,0.522
AT1G20225,0,0.684,0,0.522
AT4G03050,0,0,0,0.521
AT5G06600,0,1.278,1.67,0.52
AT5G22810,0.766,0.848,0.848,0.52
AT2G30860,0.743,0.862,1.132,0.519
AT3G23400,0,0.743,0.837,0.519
AT1G14930,0,0,0.569,0.519
AT1G35160,1.008,1.061,0.992,0.518
AT1G04410,0,0,0.661,0.518
AT1G76030,0,0,0,0.517
AT4G20850,0,0.509,0.869,0.517
AT1G78370,0.916,1.215,1.142,0.517
AT3G11730,0.97,1.115,1.524,0.516
AT3G54660,0,0.904,0.781,0.516
AT5G42270,0.636,1.026,0.948,0.515
AT4G37560,0,0,1.03,0.515
AT4G10020,0,0,0.639,0.514
AT4G13940,0,0.499,0.478,0.511
AT5G42020,0,0,0.536,0.51
AT2G24020,0,0,0,0.51
AT1G07920,0,0.862,0.725,0.51
AT1G07940,0,0.862,0.725,0.51
AT5G60390,0,0.862,0.725,0.51
AT4G35260,0.903,1.091,0.936,0.507
AT5G58710,0,1.202,1.202,0.506
AT1G09010,0.823,1.054,1.141,0.506
AT4G31490,0,0.753,0.918,0.505
AT1G29880,0,0.721,0.874,0.505
AT3G08900,0,0,0.861,0.505
AT1G70580,0,0.737,0.915,0.504
AT3G13920,0.588,0.833,0.908,0.504
AT1G33590,0,0,0,0.503
AT1G78590,0,0,0,0.503
AT2G22970,0,0,0,0.503
AT3G01540,0,0,0,0.503
AT3G07810,0,0,0,0.503
AT3G44620,0,0,0,0.503
AT3G60150,0,0,0,0.503
AT3G63000,0,0,0,0.503
AT4G15396,0,0,0,0.503
AT4G16690,0,0,0,0.503
AT4G28100,0,0,0,0.503
AT4G39150,0,0,0,0.503
AT5G03810,0,0,0,0.503
AT5G11900,0,0,0,0.503
AT5G14610,0,0,0,0.503
AT5G37670,0,0,0.807,0.503
AT5G65760,0,0,0,0.503
AT1G15340,1.037,1.424,1.706,0.502
AT3G60750,0,0.61,0.722,0.502
AT2G14740,0.913,1.477,1.547,0.501
AT1G72370,0,0,0,0.5
AT1G54270,0,0.794,0.836,0.5
AT2G17190,0.585,0,0.807,0.498
AT2G37270,0,0.697,0.737,0.498
AT5G50600,0,0.412,0.781,0.496
AT5G50700,0,0.412,0.781,0.496
AT1G16470,0,0.611,0.42,0.496
AT5G08670,0,0.601,0.604,0.495
AT5G08690,0,0.601,0.604,0.495
AT3G01280,0,0.74,0.9,0.495
AT4G27090,0,0,0.507,0.493
AT3G26720,0,0.677,0.75,0.493
AT2G17840,0,0.511,0.5,0.492
AT1G30630,0,0.615,0,0.49
AT1G52510,0,0,0,0.488
AT5G07030,0,0.519,0.631,0.488
AT5G14030,0,0,0.851,0.488
AT1G09210,0,0,0,0.485
AT1G20050,0,0,0,0.485
AT1G56340,0,0,0,0.485
AT1G79460,0,0,0,0.485
AT2G38710,0,0,0,0.485
AT2G40490,0,0,0,0.485
AT3G52570,0,0,0,0.485
AT4G03080,0,0,0,0.485
AT5G09620,0,0,0,0.485
AT5G49555,1.131,1.441,1.363,0.485
AT5G63190,0,1.206,1.387,0.485
AT2G20990,0,1.275,1.421,0.484
AT3G05560,0,0,0,0.484
AT3G17520,0,0.804,1.024,0.483
AT2G33600,0,0.78,0.816,0.483
AT4G31300,0.778,0.716,1.034,0.483
AT1G29680,0,0,0.566,0.483
AT3G57020,0,0.991,1.017,0.479
AT5G23120,0,0,0,0.478
AT4G27585,0,0,0,0.477
AT5G15200,0,0.593,0.723,0.476
AT3G60880,0,0,0,0.474
AT1G72730,0,0.869,1,0.474
AT5G40770,0,0,0,0.473
AT2G19900,0,0.406,0.565,0.473
AT2G16600,0,0,0,0.471
AT4G12290,0,0.617,0.905,0.471
AT5G63400,0,0,0,0.471
AT5G13370,0,1.392,1.503,0.471
AT3G22500,0,0.504,0.711,0.469
AT5G01670,0,0.242,0.472,0.468
AT3G02080,0,0.832,0.642,0.467
AT2G42560,0.655,0.633,1.077,0.467
AT2G05990,0.939,1.1,1.03,0.467
AT3G04120,0,0,0,0.466
AT3G26340,0,0.541,0,0.466
AT1G77120,0,0.633,0.8,0.465
AT4G24800,0,1.255,1.455,0.465
AT5G12950,0.958,1.326,1.177,0.464
AT5G26000,1.212,1.411,2.085,0.462
AT4G34110,0,0.394,0.481,0.461
AT1G53750,0,0,0,0.461
AT3G11930,0,0,0.504,0.461
AT4G18920,0,0,0.935,0.459
AT3G08580,0,0,0,0.459
AT2G17420,0,0.848,0.888,0.459
AT1G03090,0,0.862,1.241,0.458
AT3G60730,0,0,0.952,0.458
AT1G13440,0,0,0,0.457
AT5G20720,0.705,0.851,1.031,0.456
AT3G24170,0,0.572,0.623,0.455
AT4G11150,0,0,0.951,0.453
AT5G43060,0,0,0,0.453
AT2G27710,0,0,0,0.452
AT5G57110,0,0,0.833,0.451
AT5G20010,0,0.744,0.828,0.448
AT4G09000,0,0.756,0.585,0.444
AT3G11250,0,0.726,0.715,0.442
AT3G60340,0,0.923,0.856,0.441
AT2G38530,0,0,0,0.441
AT3G16640,0,0.232,0.309,0.441
AT5G06060,0,0.5,0,0.439
AT3G12960,0,0,0,0.438
AT4G34870,0,0.415,0.516,0.437
AT2G18020,0,0,0.347,0.436
AT5G61780,0,0.705,0.898,0.436
AT4G21280,0,0,0,0.435
AT1G56070,0,0.699,0.661,0.434
AT4G36130,0,0,0,0.433
AT1G72330,0,0,0,0.431
AT1G33120,0,0.557,0.512,0.431
AT1G33140,0,0.557,0.512,0.431
AT5G45160,0,0.991,1.17,0.43
AT5G43940,0,0.666,0.715,0.429
AT1G15690,0,0.982,1.147,0.428
AT3G03960,0,0,0.756,0.428
AT1G27400,0,0.744,0,0.426
AT4G37550,0,0,1.108,0.426
AT3G24830,0,0,0,0.424
AT3G12800,0,0.569,0,0.424
AT4G09010,0,1.141,1,0.424
AT1G04270,0,0,0.713,0.423
AT2G19760,0,0.627,0.819,0.42
AT5G07350,0,0,0.568,0.42
AT3G12110,0.488,0.556,0.79,0.42
AT2G29450,0,0.807,1.17,0.419
AT1G07660,0,0.375,0.522,0.419
AT1G07820,0,0.375,0.522,0.419
AT2G28740,0,0.375,0.522,0.419
AT3G45930,0,0.375,0.522,0.419
AT3G46320,0,0.375,0.522,0.419
AT3G53730,0,0.375,0.522,0.419
AT5G59690,0,0.375,0.522,0.419
AT5G59970,0,0.375,0.522,0.419
AT4G35830,0,0.728,0.709,0.419
AT3G52960,0,0.48,0,0.419
AT5G45690,0,0.499,0.618,0.417
AT1G70600,1.1,1.123,1.17,0.415
AT4G38680,0,0,0,0.415
AT1G65090,0.918,1.11,1.317,0.415
AT1G24360,0,0,0.443,0.413
AT5G61790,0,0.642,1.239,0.412
AT1G29150,0,0,0,0.412
AT4G34480,0,0.972,0,0.412
AT1G48410,0,0,1.138,0.412
AT1G74020,0,1.147,1.342,0.412
AT5G28840,0,0.85,0.729,0.412
AT4G26900,0,0.688,0.959,0.41
AT4G27500,0.641,0.872,1.036,0.409
AT2G27030,0.863,1.297,1.38,0.408
AT2G41110,0.863,1.297,1.38,0.408
AT3G56800,0.863,1.297,1.38,0.408
AT1G01900,0,0,0,0.408
AT5G46290,0,0.523,0.718,0.406
AT5G22470,0.851,1.002,1.122,0.406
AT3G12145,0,0.7,0,0.404
AT3G06650,0,0,0,0.404
AT3G16190,0,1.11,0.862,0.404
AT5G54960,0,0.406,0.766,0.403
AT3G25800,0,1.621,1.638,0.401
AT1G79690,0,0.802,0.767,0.399
AT5G11680,0,0.524,0.524,0.397
AT5G43600,0.637,1,1.078,0.395
AT2G31985,0,0.631,0.867,0.395
AT3G20050,0,0.965,1.208,0.393
AT3G55440,0,0.574,0.651,0.391
AT1G05510,0,0.722,0.837,0.39
AT5G56030,0,0.7,1.081,0.39
AT2G24580,0,0.5,0.623,0.389
AT3G57290,0.695,0.706,0.818,0.389
AT5G09510,0,0,0.684,0.385
AT4G34180,0,0.737,0.874,0.382
AT4G09600,0,0,0,0.382
AT1G72100,0,0,0.845,0.382
AT4G02280,0.82,1.193,1.299,0.38
AT3G63040,0,0,0,0.379
AT3G18080,0,0.753,0.739,0.379
AT4G09320,0,0.823,0.703,0.376
AT2G29460,0,0,0.907,0.376
AT3G58500,0,0,0,0.376
AT3G10740,0.936,0.842,0.936,0.376
AT5G13420,0,0,0.397,0.375
AT5G09810,0.464,0.603,0.76,0.375
AT5G55240,0.707,0.755,0.909,0.375
AT1G67280,0,0.872,1.3,0.374
AT1G59900,0.552,1.032,1.192,0.373
AT2G40170,0,0.617,0.903,0.373
AT3G08530,0,0,0.663,0.372
AT1G70840,0,0.538,1.094,0.372
AT3G56310,1.046,0.977,0.965,0.372
AT1G23290,1.263,1.287,1.263,0.371
AT3G62360,0,0.889,1.115,0.37
AT1G70730,0.324,0.545,0.671,0.369
AT5G51970,0,1.222,1.605,0.368
AT5G60980,0,1.202,0,0.366
AT3G05260,0.614,0.524,0.799,0.365
AT3G11130,0,0,0,0.365
AT5G56010,0.579,0.68,1.034,0.364
AT4G37000,0,0,0,0.359
AT1G74310,0,0,0.673,0.359
AT1G51060,0,0,0,0.359
AT2G19730,0,0,0,0.359
AT4G27230,0,0,0,0.359
AT5G54640,0,0,0,0.359
AT1G11840,0,0,0.706,0.359
AT5G47550,0,0,0,0.358
AT2G30200,0,0,0,0.354
AT1G23190,0,0.678,1,0.354
AT1G16030,0,0.385,0.651,0.351
AT3G11630,0,0.83,0.762,0.35
AT2G21720,0,0.661,0.814,0.347
AT2G42740,0,0,0,0.347
AT3G58700,0,0,0,0.347
AT4G18730,0,0,0,0.347
AT5G45775,0,0,0,0.347
AT1G54860,0,0,0,0.344
AT1G14940,0,0.639,0.667,0.342
AT4G28390,0,0,0,0.34
AT2G20420,0,0.891,1.222,0.34
AT5G35530,0,0.592,0.753,0.339
AT5G13490,0,0,0.436,0.336
AT3G15180,0,0.603,1.103,0.336
AT3G10920,0,0.401,0.483,0.335
ATCG00120,0,0.73,0.65,0.335
AT3G06860,0.807,0.713,0.946,0.328
AT3G53970,0,0,0,0.327
AT2G05710,0,0.635,0.846,0.322
AT5G56000,0,0.672,1.006,0.319
AT1G20340,0.948,1.266,1.266,0.318
AT4G37050,0,1.363,1.119,0.316
AT2G25280,0,0.977,1.15,0.312
AT5G06290,0,0.976,0.851,0.31
AT3G18490,0,0,0,0.305
AT2G28790,0,0,0,0.3
AT4G12420,0,0,1.026,0.3
AT2G18540,0,0.597,0.838,0.296
AT2G21160,0,0.678,0.801,0.29
AT3G18740,0,0,0,0.284
AT3G26650,0,0,0.464,0.279
AT2G01470,0,0,0,0.278
AT3G09200,0.718,0.96,1,0.266
AT3G18780,0.591,-3.663,-3.663,0.262
AT1G71250,0,0.821,0.744,0.26
AT1G14950,0,0.389,0.512,0.259
AT1G49240,0.619,0.613,0.782,0.258
AT4G32770,0,0.993,0.986,0.253
AT2G37660,0,1.127,1.184,0.251
AT2G33070,0.505,-5.489,-5.489,0.243
AT3G18820,0,0,0,0.238
AT5G55730,0,0,0,0.235
AT5G07340,1.176,0.918,1.474,0.231
AT3G62730,0,0.691,0.577,0.228
AT1G12900,0,0.408,0.601,0.225
AT3G47520,0,0.444,0.298,0.224
AT5G19760,0,0.683,0,0.222
AT1G77940,0,0,0,0.203
AT2G34700,0,0.601,0.712,0.166
AT1G01090,0,1.807,1.907,0
AT1G01910,0,1.807,1.841,0
AT1G02130,0,0,1.138,0
AT1G02305,0,0.907,1.392,0
AT1G02816,0,0.585,0.83,0
AT1G03030,0,0.874,1.531,0
AT1G03130,0,0,0.503,0
AT1G03220,0,0,1.415,0
AT1G03230,0,1.7,1.544,0
AT1G03475,0,1.273,1.585,0
AT1G04080,0,1.503,2.059,0
AT1G04120,0,1.273,1.663,0
AT1G04510,0,0.807,1.415,0
AT1G04560,0,2.663,2.682,0
AT1G04580,0,0.713,1.03,0
AT1G04620,0,1.737,1.7,0
AT1G04820,0,0,2.644,0
AT1G04980,0,0,1.841,0
AT1G06130,0,1.059,1.369,0
AT1G06210,0,1.773,1.7,0
AT1G06220,0,0,2.196,0
AT1G06410,1.29,1.585,1.544,0
AT1G07080,0,0.737,0.796,0
AT1G07140,0,0,1,0
AT1G07380,0,0,1.104,0
AT1G08200,0,0,1.273,0
AT1G08360,0.982,0.888,1.036,0
AT1G08420,0,1.544,1.773,0
AT1G08830,0,1.273,1.503,0
AT1G09130,0,0,0.939,0
AT1G09200,0,1.544,1.544,0
AT1G09750,1.322,1.059,1,0
AT1G09870,0,1.737,1.737,0
AT1G10370,0,0.939,0.918,0
AT1G11890,0,0,0.939,0
AT1G11930,0,1.17,0.874,0
AT1G12050,0,1.415,1.503,0
AT1G12310,0,1.663,1.415,0
AT1G12920,0,0,1.115,0
AT1G13060,0,0.508,0.794,0
AT1G14170,1.032,0,1.155,0
AT1G14850,0,0,0.918,0
AT1G15330,0,0,0.864,0
AT1G15500,0,1.807,1.97,0
AT1G15750,0,0,1.415,0
AT1G17010,0,0,1.503,0
AT1G17260,0,0.83,0.874,0
AT1G17650,0,0,0.874,0
AT1G17880,0.631,1.112,1.112,0
AT1G18450,0,0,2.143,0
AT1G18540,0.948,0.652,0.974,0
AT1G19130,0,0,0.865,0
AT1G19140,0,2.03,2.273,0
AT1G20010,0,0,1.663,0
AT1G20620,0.539,0.651,0.867,0
AT1G22430,0,2.115,1.939,0
AT1G22840,0,0,-0.83,0
AT1G24050,0,0,0.469,0
AT1G25490,0,0,1.737,0
AT1G27450,0,1.7,1,0
AT1G27990,0,0,1.7,0
AT1G28200,1.7,1.459,1.585,0
AT1G28290,0,0.515,0.398,0
AT1G29310,0,1.344,1.489,0
AT1G29900,0,1.737,1.841,0
AT1G30360,0,0.814,0.923,0
AT1G31180,1.939,2.415,2.544,0
AT1G31730,0,0,1.624,0
AT1G32470,0,0,1.585,0
AT1G35190,0,1.624,1.17,0
AT1G35720,0,0,2,0
AT1G36160,0,2,2.143,0
AT1G42970,0,0.699,0.677,0
AT1G43890,0,0,1.196,0
AT1G47128,0,0.937,0.985,0
AT1G47200,0,0,0.807,0
AT1G47420,1,1.368,1.236,0
AT1G47980,0,0.618,0.629,0
AT1G48610,0.939,1.807,1.807,0
AT1G48620,0,1.459,1.17,0
AT1G48850,0,0,0.807,0
AT1G49300,0,0,1,0
AT1G50010,0,0,2.644,0
AT1G50250,0,2.322,2.437,0
AT1G51570,0,0,1.459,0
AT1G52340,0,0,0.663,0
AT1G52730,0,1.059,0.874,0
AT1G52760,0,0,0.791,0
AT1G53000,0,0,1.17,0
AT1G53070,0,0.807,1.273,0
AT1G53520,0,0,1.095,0
AT1G53540,0,-2.874,-2.874,0
AT1G54580,0,1.115,1.115,0
AT1G54780,0,1.273,1.7,0
AT1G56600,1.2,1.491,1.282,0
AT1G59700,0,2.273,2.222,0
AT1G60420,0,0,0.874,0
AT1G60690,0,0,0.968,0
AT1G60750,0,0,0.564,0
AT1G60810,0,0,1.503,0
AT1G60940,0,0,1.459,0
AT1G62820,0,1.503,1.585,0
AT1G63000,0,1.939,1.7,0
AT1G63180,0,0,0.918,0
AT1G64790,0,1.222,1.97,0
AT1G65260,0,0.3,0.344,0
AT1G65880,0,0,0.885,0
AT1G66200,0,0,0.7,0
AT1G66410,0,4.19,4.261,0
AT1G67430,0,2.481,2.322,0
AT1G67680,0,0.794,1.392,0
AT1G67730,0,0,0.807,0
AT1G68010,0,0.86,0.531,0
AT1G68020,0,0,1.115,0
AT1G68560,0,0.718,0.578,0
AT1G69295,0,0,1.624,0
AT1G70310,0.972,1.027,0.943,0
AT1G70680,0,0,0.697,0
AT1G71220,0,0,2.115,0
AT1G71691,0,1.516,1.229,0
AT1G71695,0,0.608,0.554,0
AT1G71950,1.459,1.841,2,0
AT1G72160,0,0.459,0.807,0
AT1G72550,0,0,1.152,0
AT1G73230,0,0.757,0.757,0
AT1G73290,0,1.939,1.737,0
AT1G74050,0,0.948,1.421,0
AT1G74060,0,0.948,1.421,0
AT1G74210,0,0.663,1.322,0
AT1G75950,1.7,1.415,1.773,0
AT1G75990,0,0,0.639,0
AT1G76010,0,0,1.222,0
AT1G76020,0,0,0.778,0
AT1G76100,0,2.222,1.585,0
AT1G76140,0,0,1.663,0
AT1G77440,0,1.841,1.459,0
AT1G78060,0,1.222,1.503,0
AT1G79530,0,0,1.322,0
AT1G80300,0,1.544,1.7,0
AT1G80560,0,1.322,1.544,0
AT2G02390,1.624,1.369,1.737,0
AT2G02850,0,0.864,0.816,0
AT2G02930,0,0,0.432,0
AT2G03090,0,0.807,0.585,0
AT2G04690,0,0.382,0.91,0
AT2G05220,0.666,0.568,0.666,0
AT2G07050,0,1,1.152,0
AT2G14260,0,0,1.737,0
AT2G17130,0,1.807,1.807,0
AT2G18340,0,1.624,1.459,0
AT2G18960,0,1.222,1.585,0
AT2G19080,0,0,0.83,0
AT2G19860,0,1.544,1.624,0
AT2G20560,0.781,0.585,1,0
AT2G21060,0.854,0.692,0.759,0
AT2G21250,1.059,1.273,1.544,0
AT2G21260,0,0,0.585,0
AT2G21270,1,1.322,1.773,0
AT2G21870,2.115,2.392,2.755,0
AT2G22170,0,0.706,0.861,0
AT2G22230,0,0.607,0.788,0
AT2G23510,0,0.778,1.17,0
AT2G23640,0,0,1.459,0
AT2G25340,0,0.939,1.322,0
AT2G25890,0,0,2.059,0
AT2G25940,0,0,0.881,0
AT2G26080,1.544,2.087,2.624,0
AT2G26140,0,1.222,1.17,0
AT2G26990,0,0,0.503,0
AT2G27100,0,0.83,1,0
AT2G27210,0,1.415,1.841,0
AT2G27510,0,0,1.322,0
AT2G27530,0,0,0.457,0
AT2G27680,0,1.132,0.972,0
AT2G29500,0,0,0.874,0
AT2G29560,0,0,0.807,0
AT2G29570,0,0.686,0.798,0
AT2G32080,0,0,0.684,0
AT2G33340,0,0,0.507,0
AT2G33840,0,0,0.663,0
AT2G34160,0,0,1.624,0
AT2G34250,0,1.344,1.489,0
AT2G34460,0,0.724,0.606,0
AT2G34740,0,0,1.059,0
AT2G35120,0,0,0.939,0
AT2G35300,0,0,0.918,0
AT2G35370,0,0.939,1.273,0
AT2G37220,0,0.907,1.363,0
AT2G37470,0,2.087,2.415,0
AT2G37770,0,1.7,1.807,0
AT2G38010,0,0,0.918,0
AT2G38230,0,0,1.059,0
AT2G38270,0,0,0.585,0
AT2G38550,0,0,1.273,0
AT2G39020,0,0,1,0
AT2G39730,0,2.087,1.807,0
AT2G39780,0,1.874,1.874,0
AT2G40590,0,2.663,2.644,0
AT2G40660,1.322,1.7,1.807,0
AT2G40840,0,2.143,1.807,0
AT2G40890,0,0,1.474,0
AT2G41220,0,0.524,0.907,0
AT2G41280,0,0.722,0.807,0
AT2G41530,0,0,0.812,0
AT2G42100,0,3.222,3.381,0
AT2G42130,0,1.063,1.063,0
AT2G42520,0,0,0.678,0
AT2G42590,1.773,2,2.115,0
AT2G43090,0,0.788,0.628,0
AT2G43590,0,0,1.459,0
AT2G43790,0,1.29,1.273,0
AT2G43820,0,0,1,0
AT2G43950,0,0,1.644,0
AT2G44310,0,0,0.939,0
AT2G44450,0,0,0.731,0
AT2G44610,0,0,1.585,0
AT2G45470,0,0,1.059,0
AT2G45510,0,2.115,2.369,0
AT2G46280,0,0,0.496,0
AT2G46520,0,0.771,1.021,0
AT2G46740,0,1.7,1.7,0
AT2G46750,0,0.636,0.666,0
AT2G47710,0.716,0.619,1.026,0
AT2G47770,0,0.814,1.073,0
AT3G02560,0,1.051,1.075,0
AT3G02720,0,0,1.17,0
AT3G02730,0,0.939,1.115,0
AT3G02740,0,0.737,0.737,0
AT3G02760,0.714,1.263,1.214,0
AT3G02780,0,1.369,1.841,0
AT3G02875,0,0,1.059,0
AT3G03320,0,0,0.931,0
AT3G03640,0,0,1.773,0
AT3G04600,0,-0.663,-0.663,0
AT3G04610,0,0.807,0.83,0
AT3G04720,0,0,0.874,0
AT3G04940,1.273,1.585,1.503,0
AT3G05590,0,0,1.624,0
AT3G05600,1.273,0,2.503,0
AT3G05970,0,0,1.841,0
AT3G06850,0,0.618,0.764,0
AT3G07090,0,0.807,1.115,0
AT3G08943,0,0.954,1.248,0
AT3G09350,0,1.773,1.807,0
AT3G09790,0,3.816,3.663,0
AT3G09810,0,0,1,0
AT3G10020,0,1.054,1.469,0
AT3G10350,0,1.17,1.313,0
AT3G10380,0,0,0.83,0
AT3G10450,0,0,1.026,0
AT3G10950,0,0,0.559,0
AT3G11270,0,0,0.83,0
AT3G11400,0,1.737,2.087,0
AT3G11830,0.633,0.795,0.795,0
AT3G13290,1.29,0.939,1.222,0
AT3G13300,2.605,2.605,2.7,0
AT3G13460,0,0,1.115,0
AT3G13580,0,1.506,1.88,0
AT3G14067,0,0.741,0.886,0
AT3G14420,0,0.893,0.737,0
AT3G14920,0,1.503,1.322,0
AT3G15290,0,0,0.783,0
AT3G15660,0,0.874,1,0
AT3G16100,0,1.544,2.059,0
AT3G16170,0,1.222,1.152,0
AT3G16270,0,0,1.354,0
AT3G16990,0,1.222,1.544,0
AT3G17020,0,1.737,1.737,0
AT3G17210,0,1.273,1.503,0
AT3G18070,0,2.346,2.481,0
AT3G18570,0,0.976,1.341,0
AT3G19420,0,1.585,1.874,0
AT3G20000,0,2.143,2.322,0
AT3G20250,0,1.874,2.415,0
AT3G20330,0,1.059,1.459,0
AT3G20670,0,0,0.936,0
AT3G20970,0,0.939,1,0
AT3G21730,0,0,0.503,0
AT3G22230,0,0,1.222,0
AT3G22460,0,2.03,2.773,0
AT3G23640,0,1.807,2.322,0
AT3G23660,0,1.059,1.078,0
AT3G26060,0.748,0.876,0.891,0
AT3G26070,0,1.485,1.202,0
AT3G26330,0,0,1.459,0
AT3G27200,0,1.077,0.7,0
AT3G27240,0,2,2.196,0
AT3G27300,0,1.624,1.939,0
AT3G27360,0,1.544,1.544,0
AT3G27925,0,0,1.737,0
AT3G29260,0,0.939,1.369,0
AT3G29360,0,0,0.528,0
AT3G42170,0.963,0.807,1.053,0
AT3G43300,0,0,2.248,0
AT3G44100,0,0,0.678,0
AT3G44320,0.621,-2.115,-2.115,0
AT3G44340,0,0,0.842,0
AT3G44880,1.415,2.196,1.874,0
AT3G45980,0,2.346,2.663,0
AT3G46000,0,0,0.403,0
AT3G46030,0,2.346,2.663,0
AT3G46040,0,0,1.322,0
AT3G46060,0,0,1.408,0
AT3G46230,0,0.507,0.99,0
AT3G47950,0,0,1.322,0
AT3G48410,0,0,1.369,0
AT3G48580,0.893,0.871,0.801,0
AT3G48680,0,0,1.059,0
AT3G48690,1.17,1.624,1.459,0
AT3G48890,0,0,1.415,0
AT3G48930,1.624,1.322,1.624,0
AT3G50820,0,0.254,0.344,0
AT3G51240,0,0.874,1,0
AT3G53020,0,0,0.807,0
AT3G55360,0,0,1.273,0
AT3G56190,1.585,1.663,2.115,0
AT3G56340,0,2.682,2.585,0
AT3G56460,0,1.459,1.115,0
AT3G57490,0,2.624,2.891,0
AT3G57560,0,0,0.839,0
AT3G57610,0,0,1.737,0
AT3G58510,0,0,1.267,0
AT3G58570,0,0,0.933,0
AT3G58610,0,0,0.655,0
AT3G58730,0,0,0.585,0
AT3G59760,0,0,1.585,0
AT3G60245,0,0,0.559,0
AT3G60900,0,0,0.807,0
AT3G61050,0,2.03,1.939,0
AT3G61440,0,0.858,0.728,0
AT3G62250,0,3.915,3.764,0
AT3G62700,0,0.922,0.861,0
AT3G62870,0,0.787,0.807,0
AT3G63170,1.322,1.369,1.503,0
AT4G01040,0,0,0.83,0
AT4G01850,1.939,2.087,2.115,0
AT4G02360,0,1.322,1.222,0
AT4G03280,0,1.1,0.652,0
AT4G04020,0,1.241,1.268,0
AT4G05020,0,1.503,1.624,0
AT4G05420,1.624,0,2.369,0
AT4G09720,0,0,0.939,0
AT4G10320,0,2.392,2.298,0
AT4G10450,0,1.939,2.143,0
AT4G10750,0,1.059,2.273,0
AT4G11260,0,0,0.778,0
AT4G13180,0,0,0.503,0
AT4G13200,0,0,1.585,0
AT4G13430,0,0.301,0.459,0
AT4G14040,1.907,2.196,2.481,0
AT4G14100,0,1.17,1.273,0
AT4G14570,0,1.115,1.059,0
AT4G14710,0,0,1.234,0
AT4G14716,0,0.957,1.198,0
AT4G15000,0,1.044,1.011,0
AT4G15390,0,1.17,1.97,0
AT4G15410,0,0,1.585,0
AT4G16130,0,0.667,0.855,0
AT4G17330,0,0,0.834,0
AT4G17520,1.503,1.273,1.773,0
AT4G17830,0,2.087,1.841,0
AT4G19810,0,0,1.503,0
AT4G20360,0,0,0.322,0
AT4G20890,0,1.29,2.524,0
AT4G21100,0,0,1.115,0
AT4G21320,0,0,0.663,0
AT4G21580,0,0,0.648,0
AT4G22670,0,0,2.222,0
AT4G23670,0,-2.059,-2.059,0
AT4G24190,0,0,2.755,0
AT4G25000,0,0,1.078,0
AT4G25740,0,0,0.432,0
AT4G27000,0,0,1,0
AT4G27070,1.273,1.874,1.874,0
AT4G27170,0,0.491,0.527,0
AT4G27450,0,0,0.788,0
AT4G28480,0,0,1.17,0
AT4G29010,0.75,0.956,1.095,0
AT4G29160,0,1.059,0.737,0
AT4G29520,0,0,1.322,0
AT4G29680,2.115,2.222,2.369,0
AT4G30310,0,0,0.84,0
AT4G30880,0,0,0.585,0
AT4G31700,0,0.678,1.057,0
AT4G31750,0,0,0.83,0
AT4G32260,0,0,0.663,0
AT4G32640,1.322,1.807,1.624,0
AT4G33010,0,0,2.03,0
AT4G33250,0,1.091,1,0
AT4G33650,0,0,1.078,0
AT4G33670,0,1.415,2.059,0
AT4G33820,0,0.783,0.667,0
AT4G35230,0,1,1.369,0
AT4G35300,-0.663,1.459,0.922,0
AT4G35450,0,1.585,1.7,0
AT4G36020,0,0,1.503,0
AT4G36210,0,0,1,0
AT4G36220,0,1.459,2.087,0
AT4G39520,0,0,1.322,0
AT4G40030,0,2.17,2.346,0
AT4G40040,0,2.17,2.346,0
AT5G01410,0,1.841,2.059,0
AT5G01500,1.014,1.17,0.839,0
AT5G02770,0,0,0.737,0
AT5G02960,0,2.03,2,0
AT5G03290,0,1.415,1.544,0
AT5G03520,0,0,1.408,0
AT5G03630,1.663,1.544,1.624,0
AT5G03690,0,3.157,3.334,0
AT5G03820,0,0.788,1,0
AT5G04130,0,0,1.115,0
AT5G04590,0,1.237,1.559,0
AT5G05010,0,0,1.737,0
AT5G05480,0,0,1.034,0
AT5G06760,0,0.565,0.802,0
AT5G07360,1.807,2.059,2.03,0
AT5G08280,0,0,0.83,0
AT5G08380,0,0.837,0.974,0
AT5G09660,0,0.807,1.415,0
AT5G09730,0,1.369,1.585,0
AT5G10160,0,0.922,1.017,0
AT5G10360,0,0.671,1.052,0
AT5G10390,0,1.544,1.544,0
AT5G10400,0,1.544,1.544,0
AT5G10840,0,1.152,1,0
AT5G10920,0,1.109,1.077,0
AT5G10980,0,2.17,2.346,0
AT5G11450,0,0,0.874,0
AT5G11490,0,0,1.16,0
AT5G11770,0,0,0.903,0
AT5G12470,0,0.874,1.29,0
AT5G13360,1.807,2.298,2.273,0
AT5G13520,0,1.97,1.503,0
AT5G14040,0,0,0.766,0
AT5G15450,0,0,1.544,0
AT5G15520,0,2.459,2.273,0
AT5G15910,0,1.273,1.115,0
AT5G16130,0.89,1.134,1.102,0
AT5G16370,0,0,1.059,0
AT5G16570,0,0,1.459,0
AT5G16620,0,0,1.503,0
AT5G16880,0,0,1.222,0
AT5G17020,0,2,2.524,0
AT5G17380,0,1.459,1.807,0
AT5G18100,0,0,0.763,0
AT5G18900,0,1.115,1.773,0
AT5G19150,0,0,1.874,0
AT5G19440,1.907,1.663,2,0
AT5G19770,0,1.531,2.437,0
AT5G19780,0,1.531,2.437,0
AT5G19990,2.481,2.605,2.773,0
AT5G20000,0,2.605,2.773,0
AT5G20080,1.773,1.874,2.222,0
AT5G20280,0,2.03,1.907,0
AT5G20660,0,1.222,1.737,0
AT5G20920,0,0,1.273,0
AT5G21274,0,4.066,4.15,0
AT5G21990,0.547,0.781,0.904,0
AT5G22300,0,2.059,1.503,0
AT5G22460,0,0,1.663,0
AT5G22880,0,0.503,0.737,0
AT5G23140,0,0,1.17,0
AT5G23250,0,1.17,2.087,0
AT5G23890,0,0,0.722,0
AT5G25754,0,0.778,1.075,0
AT5G25757,0,0.778,1.075,0
AT5G25900,0,0,0.978,0
AT5G26120,0,0.944,1.175,0
AT5G26710,0,1.7,1.807,0
AT5G27380,0,1.17,1.415,0
AT5G27600,0,0.939,1.059,0
AT5G27640,0,2.719,3.087,0
AT5G28850,0,0,0.503,0
AT5G28900,0,0,0.503,0
AT5G34940,0,-0.874,-0.874,0
AT5G35660,0,1.799,2.497,0
AT5G36100,0,0.825,0.704,0
AT5G36160,0,0,1.369,0
AT5G36230,0,1.544,1.939,0
AT5G37600,0,0.652,1.138,0
AT5G37780,0,4.19,4.261,0
AT5G37850,0,1.115,1,0
AT5G38420,0,2.369,2.481,0
AT5G38430,0,2.369,2.481,0
AT5G38830,0.83,0,0.688,0
AT5G39160,0,2.298,1.97,0
AT5G39190,0,2.298,1.97,0
AT5G39410,0,0,0.708,0
AT5G39730,0,1.663,1.907,0
AT5G40370,0,0.724,0.798,0
AT5G40420,0,0.294,0.641,0
AT5G40760,0,0,0.888,0
AT5G40810,1.459,1.907,2,0
AT5G42080,1.115,1.874,1.97,0
AT5G42100,1.688,1.841,1.585,0
AT5G42190,0,0,1.222,0
AT5G43010,0,3.183,2.874,0
AT5G44310,0,1.066,1.203,0
AT5G44340,0,0,2.663,0
AT5G44380,0,0,1.17,0
AT5G45390,0,1.059,1.585,0
AT5G46230,1.07,1.459,1.293,0
AT5G46750,0,0,0.737,0
AT5G47030,0,0,0.918,0
AT5G47700,0,0.415,0.477,0
AT5G47870,0,0.826,0.585,0
AT5G48100,0,1.692,1.408,0
AT5G48180,1.164,1.229,1.482,0
AT5G48810,0,0,1.115,0
AT5G49970,1.544,1.907,1.841,0
AT5G50250,0,0,1.273,0
AT5G50850,0,0.62,0.772,0
AT5G51740,0,0.918,1.17,0
AT5G51760,0,1.624,1.17,0
AT5G51830,0,0,1.059,0
AT5G52240,1.663,1.544,1.459,0
AT5G52470,0,0,0.539,0
AT5G52560,0,0,1.459,0
AT5G52640,0,0,1.724,0
AT5G53560,0,2.248,2.369,0
AT5G53850,0,0.697,0.786,0
AT5G54080,0,0,1.841,0
AT5G54810,0,0,1.222,0
AT5G55280,0,0,1.059,0
AT5G55480,0,0,1.773,0
AT5G57290,0,0,0.918,0
AT5G57790,1.544,1.737,1.841,0
AT5G58090,0,0,2.248,0
AT5G59870,0,0.737,0.778,0
AT5G59890,0,0,1,0
AT5G59910,0,0.759,0.963,0
AT5G60160,0,0,1,0
AT5G60790,0,1.688,2.115,0
AT5G62390,0,1.322,1.503,0
AT5G62740,1.29,1.585,1.459,0
AT5G62810,0,1.026,1.17,0
AT5G63510,0,0,0.83,0
AT5G63680,0,1.624,1.415,0
AT5G63840,0,0,1.585,0
AT5G63890,0,1.773,2.392,0
AT5G64370,0,0,0.848,0
AT5G64570,0,0,0.437,0
AT5G65010,0,0,0.503,0
AT5G65020,0,1.322,1.585,0
AT5G65350,0,1.544,1.544,0
AT5G65360,0,1.544,1.544,0
AT5G66040,0,0.939,0.737,0
AT5G66090,0,0,1.142,0
AT5G66510,0,1.322,1.585,0
AT5G67630,0,0,1.222,0
ATMG00070,0,0,1.737,0
ATMG00510,0,0,1.115,0
ATMG01190,0,4.222,4.352,0
AT1G02890,0,0.83,0,0
AT1G03680,0,0.67,0,0
AT1G06530,0,1.17,0,0
AT1G06680,0,1.222,0,0
AT1G08480,1.474,1.059,0,0
AT1G08880,0,0.64,0,0
AT1G09490,0,1.17,0,0
AT1G09550,0,2.115,0,0
AT1G10310,0,1.17,0,0
AT1G10950,0,0.874,0,0
AT1G20110,0,0.585,0,0
AT1G21440,0,0.466,0,0
AT1G22920,0,0.83,0,0
AT1G25350,0,1.544,0,0
AT1G26400,1.222,1.322,0,0
AT1G27390,0,1.17,0,0
AT1G31812,0,1.503,0,0
AT1G32220,1.369,1.222,0,0
AT1G32400,0,0.737,0,0
AT1G41830,0,1,0,0
AT1G45145,0,1.132,0,0
AT1G47840,0,1.059,0,0
AT1G48900,0,1.544,0,0
AT1G49670,0,1.737,0,0
AT1G54000,0,1.7,0,0
AT1G54690,0,0.64,0,0
AT1G61790,0,1.222,0,0
AT1G69740,0,1,0,0
AT1G70570,0,0.737,0,0
AT1G76150,0,1.503,0,0
AT1G79010,0,1,0,0
AT1G80360,0,0.585,0,0
AT2G01350,0,0.83,0,0
AT2G02560,0,1.059,0,0
AT2G03690,0,0.737,0,0
AT2G05830,0,0.83,0,0
AT2G22420,0,0.566,0,0
AT2G23550,0,0.737,0,0
AT2G27860,0,1.415,0,0
AT2G28900,0,0.503,0,0
AT2G33410,0,1.544,0,0
AT2G34790,0,0.717,0,0
AT2G36250,0,0.84,0,0
AT2G36620,0,0.83,0,0
AT2G38410,1.503,1.459,0,0
AT2G43980,0,1.459,0,0
AT2G45600,0,1.29,0,0
AT2G45710,0,1.7,0,0
AT2G47970,0,0.83,0,0
AT3G01390,0,0.83,0,0
AT3G01480,0,0.718,0,0
AT3G02420,0,0.663,0,0
AT3G03110,0,0.503,0,0
AT3G04200,0,0.585,0,0
AT3G04920,0,1,0,0
AT3G05420,0,1.222,0,0
AT3G05910,0,1.7,0,0
AT3G10850,1.29,1.115,0,0
AT3G14360,0,1.17,0,0
AT3G14415,0,0.608,0,0
AT3G16390,0,1.369,0,0
AT3G16400,0,1.17,0,0
AT3G19130,0,1,0,0
AT3G20810,0,0.503,0,0
AT3G21865,0,1.115,0,0
AT3G44330,0,0.963,0,0
AT3G55010,0,0.503,0,0
AT3G55620,0,1.273,0,0
AT3G57880,0,0.874,0,0
AT3G58010,0,1.415,0,0
AT3G58680,0,0.83,0,0
AT3G60100,1.322,0.874,0,0
AT3G61110,0,1.7,0,0
AT3G63190,0,1,0,0
AT3G63410,0,0.918,0,0
AT3G63490,0,0.83,0,0
AT4G00620,0,0.796,0,0
AT4G01050,0,1.459,0,0
AT4G02570,0,0.83,0,0
AT4G04640,0,1.663,0,0
AT4G04950,0,1.874,0,0
AT4G05160,0,0.737,0,0
AT4G11380,0,1.415,0,0
AT4G13780,0,2.03,0,0
AT4G15210,0,1.059,0,0
AT4G22010,0,0.737,0,0
AT4G23500,0,1.415,0,0
AT4G24520,0,1.17,0,0
AT4G26910,0,1.459,0,0
AT4G27960,0,1,0,0
AT4G29130,0,1.17,0,0
AT4G32470,0,0.663,0,0
AT4G32940,0,0.807,0,0
AT4G35100,0,1,0,0
AT4G36600,0,0.508,0,0
AT4G37300,0,1.222,0,0
AT5G04990,0,0.503,0,0
AT5G05780,0,1.322,0,0
AT5G12040,0,1.1,0,0
AT5G13430,0,0.83,0,0
AT5G14250,0,1,0,0
AT5G16400,0,1.222,0,0
AT5G16710,0,1.273,0,0
AT5G19350,0,0.874,0,0
AT5G20950,0,0.737,0,0
AT5G36880,0.807,1.078,0,0
AT5G37475,0,0.503,0,0
AT5G39130,1.322,1.939,0,0
AT5G41700,0,1,0,0
AT5G42650,0,1.17,0,0
AT5G43960,0,0.83,0,0
AT5G47880,0,0.737,0,0
AT5G48960,0,1.474,0,0
AT5G53300,0,1,0,0
AT5G53530,0,0.663,0,0
AT5G54160,0,0.874,0,0
AT5G54500,0,0.848,0,0
AT5G57860,0,0.918,0,0
AT5G58490,0.313,0.71,0,0
AT5G63570,0,1.322,0,0
AT5G64350,0,0.939,0,0
AT5G66530,0,0.5,0,0
ATCG00280,0,0.497,0,0
ATCG00680,0,0.768,0,0
AT1G09100,2,0,0,0
AT1G79870,1.29,0,0,0
AT4G35160,0.939,0,0,0
AT4G35250,0.663,0,0,0
ATCG00540,-0.972,0,0,0
AT5G57655,0,0.862,0.866,-0.322
AT3G01420,0,0,0,-0.503
AT1G21690,0,0,0,-0.585
AT3G05040,0,0,0,-0.585
AT4G12680,0,0,0,-0.585
AT1G55210,0,0,0,-0.617
AT3G02600,0,0,0,-0.617
AT4G01410,0,0,0,-0.663
AT1G23010,0,0,0,-0.737
AT4G03110,0,0,0,-0.737
AT5G06830,0,0,0,-0.737
AT5G58480,0,0,0,-0.737
AT1G71310,0,0,0,-0.807
AT3G52230,0,0,0,-0.807
AT1G70670,0,0,0,-0.874
AT4G33070,0,0,0,-1
AT1G75600,0,0,0,-1.04
AT4G25200,0,0,0,-1.115
AT2G37020,0.939,1.059,1.17,-1.188
AT2G23240,0,0,0,-1.222
AT1G22530,0,0,0,-1.256
AT1G33790,0,0,0,-1.322
AT1G31280,0,0,0,-1.585
AT1G03890,0.47,0.41,0.612,-4.351
AT1G03880,0.461,-2.779,0.452,-5.634
AT5G44120,-3.696,0.661,1.071,-5.96
AT4G28520,0.543,0.453,-4.775,-6.388
